stat,s,h,session,n,mean,se,cost_raw,cost_std,edge_to_raw_cost,years_mean>=2x_raw_cost,years
A,3.0,5,00-03 rollover/Asia,6622,0.12083962549080335,0.0395483102400575,1.3291301721534279,2.2747810329205675,0.09091632108164516,0,5
A,3.0,5,03-09 Asia,24215,0.06890770183769868,0.02084351797643692,1.2503770390253974,1.8022622341523848,0.055109538712745855,0,5
A,3.0,5,09-12 London,31566,0.029851739213074772,0.027467678062703574,1.2,1.5,0.024876449344228977,0,5
A,3.0,5,12-15 London/ECB,32252,0.008340568026789494,0.023662518821073363,1.2,1.5,0.0069504733556579115,0,5
A,3.0,5,15-19 NY overlap,45508,-0.003621341302626607,0.028871969366634286,1.2,1.5,-0.003017784418855506,0,5
A,3.0,5,19-24 late NY,34165,0.07754427045221676,0.022024593254032842,1.264763939704376,1.8885836382262549,0.06131125976784399,0,5
A,3.0,15,00-03 rollover/Asia,6619,0.11290225109533593,0.06946214813705628,1.3291131590874754,2.2746789545248527,0.08494555209494038,0,5
A,3.0,15,03-09 Asia,24215,0.1413586619863697,0.03452760186519757,1.2503770390253974,1.8022622341523848,0.11305282932622569,0,5
A,3.0,15,09-12 London,31563,0.019332763045337497,0.04733605865565097,1.2,1.5,0.01611063587111458,0,5
A,3.0,15,12-15 London/ECB,32252,-0.03167555500434131,0.040925661118754404,1.2,1.5,-0.026396295836951095,0,5
A,3.0,15,15-19 NY overlap,45507,-0.03243676796975841,0.048496351626914916,1.2,1.5,-0.027030639974798678,0,5
A,3.0,15,19-24 late NY,33970,0.10486900206064843,0.03704914546562488,1.264017662643509,1.8841059758610539,0.08296482332480243,0,5
A,3.0,30,00-03 rollover/Asia,6614,0.1947686725128504,0.09375452692287362,1.3291049289386152,2.27462957363169,0.14654123107374753,0,5
A,3.0,30,03-09 Asia,24213,0.13493164828810872,0.04790283111223796,1.2503778961714782,1.8022673770288689,0.1079126947951134,0,5
A,3.0,30,09-12 London,31563,0.06062795044830704,0.06672961010943168,1.2,1.5,0.050523292040255866,0,5
A,3.0,30,12-15 London/ECB,32252,-0.0673911695398699,0.05807725196402992,1.2,1.5,-0.05615930794989159,0,5
A,3.0,30,15-19 NY overlap,45502,-0.09780449211022663,0.06809620008678247,1.2,1.5,-0.08150374342518886,0,5
A,3.0,30,19-24 late NY,33810,0.1288110026619355,0.051773438466851306,1.2634013605442176,1.880408163265306,0.10195572577700042,0,5
A,5.0,5,00-03 rollover/Asia,3664,0.1268558951965134,0.06632006943857471,1.3257368995633187,2.2544213973799123,0.0956870818322234,0,5
A,5.0,5,03-09 Asia,14774,0.17151753079734086,0.03100096425195077,1.2501394341410588,1.8008366048463518,0.13719872048927606,0,5
A,5.0,5,09-12 London,26202,-0.02812380734294983,0.03195448400040024,1.2,1.5,-0.02343650611912486,0,5
A,5.0,5,12-15 London/ECB,25936,0.09176434299815639,0.028879852138388177,1.2,1.5,0.07647028583179699,0,5
A,5.0,5,15-19 NY overlap,40541,0.026242569250884775,0.032819157781864755,1.2,1.5,0.021868807709070646,0,5
A,5.0,5,19-24 late NY,24155,0.14122955909748633,0.030671182980201245,1.2602583316083626,1.861549989650176,0.11206397573840819,0,5
A,5.0,15,00-03 rollover/Asia,3661,0.2565419284348436,0.11128678849566309,1.3257306746790494,2.2543840480742965,0.19350983826104098,0,5
A,5.0,15,03-09 Asia,14774,0.32419791525652375,0.05104662548781471,1.2501394341410588,1.8008366048463518,0.25932940470698174,0,5
A,5.0,15,09-12 London,26202,-0.019708419204640237,0.053803557515091756,1.2,1.5,-0.01642368267053353,0,5
A,5.0,15,12-15 London/ECB,25936,0.09870450339296849,0.04852878413439647,1.2,1.5,0.08225375282747374,0,5
A,5.0,15,15-19 NY overlap,40540,-0.039146521953629186,0.05414974334226474,1.2,1.5,-0.03262210162802432,0,5
A,5.0,15,19-24 late NY,24017,0.32213432152224425,0.04987488675434662,1.2594853645334556,1.8569121872007328,0.2557666254752954,0,5
A,5.0,30,00-03 rollover/Asia,3660,0.43081967213113914,0.1453404448365718,1.3257103825136614,2.2542622950819666,0.3249726922363449,0,5
A,5.0,30,03-09 Asia,14772,0.4016517736257848,0.07067051211506264,1.2501394530192256,1.8008367181153535,0.3212855755057975,0,5
A,5.0,30,09-12 London,26201,0.015255142933477796,0.07589725290802239,1.2,1.5,0.012712619111231498,0,5
A,5.0,30,12-15 London/ECB,25936,0.10792720542874466,0.06862537166601054,1.2,1.5,0.08993933785728722,0,5
A,5.0,30,15-19 NY overlap,40533,-0.0754471665063024,0.07571730880677092,1.2,1.5,-0.06287263875525201,0,5
A,5.0,30,19-24 late NY,23954,0.41057443433246477,0.06783706056670935,1.2591274943641981,1.8547649661851884,0.3260785235571288,0,5
A,8.0,5,00-03 rollover/Asia,1713,0.06584938704024368,0.13721665677876668,1.3230005837711618,2.23800350262697,0.049772757357780265,0,5
A,8.0,5,03-09 Asia,5963,0.31685393258426386,0.06478422808249645,1.2498876404494381,1.7993258426966294,0.25350593311757896,0,5
A,8.0,5,09-12 London,17415,0.04124605225379632,0.04252004142805966,1.2,1.5,0.03437171021149694,0,5
A,8.0,5,12-15 London/ECB,15408,0.20814511941847427,0.04220799690544944,1.2,1.5,0.1734542661820619,0,5
A,8.0,5,15-19 NY overlap,29541,0.11011137063740986,0.04121824255828229,1.2,1.5,0.09175947553117489,0,5
A,8.0,5,19-24 late NY,12863,0.20062193889450167,0.05147401305041049,1.2567736919847625,1.840642151908575,0.15963250995306008,0,5
A,8.0,15,00-03 rollover/Asia,1713,0.4725627553998461,0.21185309850189984,1.3230005837711618,2.23800350262697,0.3571901336980701,0,5
A,8.0,15,03-09 Asia,5963,0.5721113533456326,0.10161013378802493,1.2498876404494381,1.7993258426966294,0.4577302269665705,0,5
A,8.0,15,09-12 London,17415,0.15385587137525203,0.07092834306481254,1.2,1.5,0.12821322614604336,0,5
A,8.0,15,12-15 London/ECB,15408,0.38907710280373764,0.07085159062597472,1.2,1.5,0.32423091900311474,0,5
A,8.0,15,15-19 NY overlap,29539,0.10664883713056965,0.06772439145391752,1.2,1.5,0.08887403094214137,0,5
A,8.0,15,19-24 late NY,12807,0.3116108378230481,0.08143788143299895,1.2561614741938003,1.8369688451628017,0.24806590890159147,0,5
A,8.0,30,00-03 rollover/Asia,1713,0.44279042615292585,0.2590459149610689,1.3230005837711618,2.23800350262697,0.33468649340332784,0,5
A,8.0,30,03-09 Asia,5963,0.6354016434680559,0.1405257309606204,1.2498876404494381,1.7993258426966294,0.5083670106855176,0,5
A,8.0,30,09-12 London,17413,0.16185608453454192,0.09938377066136155,1.2,1.5,0.1348800704454516,0,5
A,8.0,30,12-15 London/ECB,15408,0.45876168224298236,0.09934517509622698,1.2,1.5,0.38230140186915196,0,5
A,8.0,30,15-19 NY overlap,29537,0.0697972035074651,0.09396390055334458,1.2,1.5,0.058164336256220917,0,5
A,8.0,30,19-24 late NY,12775,0.3032093933463637,0.10773322018992963,1.2558168297455967,1.8349009784735812,0.24144396393205517,0,5
B,1.5,5,00-03 rollover/Asia,1672,0.3124401913875828,0.12843119363426314,1.3127392344497608,2.1764354066985643,0.23800628730240028,0,5
B,1.5,5,03-09 Asia,9137,0.10408230272517915,0.04456132228369641,1.2498807048265295,1.799284228959177,0.08327378950907535,0,5
B,1.5,5,09-12 London,14859,-0.03309105592571216,0.04030732822136449,1.2,1.5,-0.02757587993809347,0,5
B,1.5,5,12-15 London/ECB,9051,-0.05966191581041706,0.049665301361439734,1.2,1.5,-0.049718263175347555,0,5
B,1.5,5,15-19 NY overlap,16711,-0.18213153012985547,0.05286075503101887,1.2,1.5,-0.1517762751082129,0,5
B,1.5,5,19-24 late NY,6728,0.12624851367418222,0.0711410177641424,1.2648810939357908,1.8892865636147442,0.09981057846421647,0,5
B,1.5,15,00-03 rollover/Asia,1672,0.45376794258375525,0.23009888281285626,1.3127392344497608,2.1764354066985643,0.34566495056724167,0,5
B,1.5,15,03-09 Asia,9137,0.21428258728247604,0.07458565993797543,1.2498807048265295,1.799284228959177,0.171442431629678,0,5
B,1.5,15,09-12 London,14858,0.16089648674112733,0.06799016382247497,1.2,1.5,0.13408040561760612,0,5
B,1.5,15,12-15 London/ECB,9051,0.021754502264926652,0.08015716824817504,1.2,1.5,0.018128751887438878,0,5
B,1.5,15,15-19 NY overlap,16708,-0.22448527651423192,0.08851059106457962,1.2,1.5,-0.18707106376185995,0,5
B,1.5,15,19-24 late NY,6710,0.3801490312965534,0.10881398499231648,1.2645663189269747,1.8873979135618482,0.30061612871290305,0,5
B,1.5,30,00-03 rollover/Asia,1668,0.7591726618705263,0.3013679198624773,1.312769784172662,2.176618705035971,0.5782983970407077,1,5
B,1.5,30,03-09 Asia,9137,0.3961913100580016,0.09769097213727837,1.2498807048265295,1.799284228959177,0.3169832997085821,0,5
B,1.5,30,09-12 London,14853,0.3678785430552686,0.09762354010030215,1.2,1.5,0.3065654525460572,0,5
B,1.5,30,12-15 London/ECB,9051,0.16702021876034648,0.10782737847507563,1.2,1.5,0.13918351563362208,0,5
B,1.5,30,15-19 NY overlap,16708,-0.2662377304285426,0.1195164726200554,1.2,1.5,-0.22186477535711885,0,5
B,1.5,30,19-24 late NY,6689,0.8468380923904887,0.1566955257598091,1.2641560771415759,1.8849364628494543,0.6698841287899368,0,5
