# server_time(NY-close GMT+2/+3),currency,importance,title
2012.01.03 17:00,USD,HIGH,ISM Manufacturing PMI
2012.01.06 15:30,USD,HIGH,Non-Farm Payrolls
2012.01.12 14:45,EUR,HIGH,ECB Rate Decision
2012.01.12 15:30,EUR,HIGH,ECB Press Conference
2012.01.25 19:30,USD,HIGH,FOMC Statement
2012.02.01 17:00,USD,HIGH,ISM Manufacturing PMI
2012.02.03 15:30,USD,HIGH,Non-Farm Payrolls
2012.02.09 14:45,EUR,HIGH,ECB Rate Decision
2012.02.09 15:30,EUR,HIGH,ECB Press Conference
2012.03.01 17:00,USD,HIGH,ISM Manufacturing PMI
2012.03.08 14:45,EUR,HIGH,ECB Rate Decision
2012.03.08 15:30,EUR,HIGH,ECB Press Conference
2012.03.09 15:30,USD,HIGH,Non-Farm Payrolls
2012.03.13 21:15,USD,HIGH,FOMC Statement
2012.04.02 17:00,USD,HIGH,ISM Manufacturing PMI
2012.04.04 14:45,EUR,HIGH,ECB Rate Decision
2012.04.04 15:30,EUR,HIGH,ECB Press Conference
2012.04.06 15:30,USD,HIGH,Non-Farm Payrolls
2012.04.25 19:30,USD,HIGH,FOMC Statement
2012.05.01 17:00,USD,HIGH,ISM Manufacturing PMI
2012.05.03 14:45,EUR,HIGH,ECB Rate Decision
2012.05.03 15:30,EUR,HIGH,ECB Press Conference
2012.05.04 15:30,USD,HIGH,Non-Farm Payrolls
2012.06.01 15:30,USD,HIGH,Non-Farm Payrolls
2012.06.01 17:00,USD,HIGH,ISM Manufacturing PMI
2012.06.06 14:45,EUR,HIGH,ECB Rate Decision
2012.06.06 15:30,EUR,HIGH,ECB Press Conference
2012.06.20 19:30,USD,HIGH,FOMC Statement
2012.07.02 17:00,USD,HIGH,ISM Manufacturing PMI
2012.07.05 14:45,EUR,HIGH,ECB Rate Decision
2012.07.05 15:30,EUR,HIGH,ECB Press Conference
2012.07.06 15:30,USD,HIGH,Non-Farm Payrolls
2012.08.01 17:00,USD,HIGH,ISM Manufacturing PMI
2012.08.01 21:15,USD,HIGH,FOMC Statement
2012.08.02 14:45,EUR,HIGH,ECB Rate Decision
2012.08.02 15:30,EUR,HIGH,ECB Press Conference
2012.08.03 15:30,USD,HIGH,Non-Farm Payrolls
2012.09.04 17:00,USD,HIGH,ISM Manufacturing PMI
2012.09.06 14:45,EUR,HIGH,ECB Rate Decision
2012.09.06 15:30,EUR,HIGH,ECB Press Conference
2012.09.07 15:30,USD,HIGH,Non-Farm Payrolls
2012.09.13 19:30,USD,HIGH,FOMC Statement
2012.10.01 17:00,USD,HIGH,ISM Manufacturing PMI
2012.10.04 14:45,EUR,HIGH,ECB Rate Decision
2012.10.04 15:30,EUR,HIGH,ECB Press Conference
2012.10.05 15:30,USD,HIGH,Non-Farm Payrolls
2012.10.24 21:15,USD,HIGH,FOMC Statement
2012.11.01 17:00,USD,HIGH,ISM Manufacturing PMI
2012.11.02 15:30,USD,HIGH,Non-Farm Payrolls
2012.11.08 14:45,EUR,HIGH,ECB Rate Decision
2012.11.08 15:30,EUR,HIGH,ECB Press Conference
2012.12.03 17:00,USD,HIGH,ISM Manufacturing PMI
2012.12.06 14:45,EUR,HIGH,ECB Rate Decision
2012.12.06 15:30,EUR,HIGH,ECB Press Conference
2012.12.07 15:30,USD,HIGH,Non-Farm Payrolls
2012.12.12 19:30,USD,HIGH,FOMC Statement
2013.01.02 17:00,USD,HIGH,ISM Manufacturing PMI
2013.01.04 15:30,USD,HIGH,Non-Farm Payrolls
2013.01.10 14:45,EUR,HIGH,ECB Rate Decision
2013.01.10 15:30,EUR,HIGH,ECB Press Conference
2013.01.30 21:00,USD,HIGH,FOMC Statement
2013.02.01 15:30,USD,HIGH,Non-Farm Payrolls
2013.02.01 17:00,USD,HIGH,ISM Manufacturing PMI
2013.02.07 14:45,EUR,HIGH,ECB Rate Decision
2013.02.07 15:30,EUR,HIGH,ECB Press Conference
2013.03.01 17:00,USD,HIGH,ISM Manufacturing PMI
2013.03.07 14:45,EUR,HIGH,ECB Rate Decision
2013.03.07 15:30,EUR,HIGH,ECB Press Conference
2013.03.08 15:30,USD,HIGH,Non-Farm Payrolls
2013.03.20 21:00,USD,HIGH,FOMC Statement
2013.04.01 17:00,USD,HIGH,ISM Manufacturing PMI
2013.04.04 14:45,EUR,HIGH,ECB Rate Decision
2013.04.04 15:30,EUR,HIGH,ECB Press Conference
2013.04.05 15:30,USD,HIGH,Non-Farm Payrolls
2013.05.01 17:00,USD,HIGH,ISM Manufacturing PMI
2013.05.01 21:00,USD,HIGH,FOMC Statement
2013.05.02 14:45,EUR,HIGH,ECB Rate Decision
2013.05.02 15:30,EUR,HIGH,ECB Press Conference
2013.05.03 15:30,USD,HIGH,Non-Farm Payrolls
2013.06.03 17:00,USD,HIGH,ISM Manufacturing PMI
2013.06.06 14:45,EUR,HIGH,ECB Rate Decision
2013.06.06 15:30,EUR,HIGH,ECB Press Conference
2013.06.07 15:30,USD,HIGH,Non-Farm Payrolls
2013.06.19 21:00,USD,HIGH,FOMC Statement
2013.07.01 17:00,USD,HIGH,ISM Manufacturing PMI
2013.07.04 14:45,EUR,HIGH,ECB Rate Decision
2013.07.04 15:30,EUR,HIGH,ECB Press Conference
2013.07.05 15:30,USD,HIGH,Non-Farm Payrolls
2013.07.31 21:00,USD,HIGH,FOMC Statement
2013.08.01 14:45,EUR,HIGH,ECB Rate Decision
2013.08.01 15:30,EUR,HIGH,ECB Press Conference
2013.08.01 17:00,USD,HIGH,ISM Manufacturing PMI
2013.08.02 15:30,USD,HIGH,Non-Farm Payrolls
2013.09.03 17:00,USD,HIGH,ISM Manufacturing PMI
2013.09.05 14:45,EUR,HIGH,ECB Rate Decision
2013.09.05 15:30,EUR,HIGH,ECB Press Conference
2013.09.06 15:30,USD,HIGH,Non-Farm Payrolls
2013.09.18 21:00,USD,HIGH,FOMC Statement
2013.10.01 17:00,USD,HIGH,ISM Manufacturing PMI
2013.10.02 14:45,EUR,HIGH,ECB Rate Decision
2013.10.02 15:30,EUR,HIGH,ECB Press Conference
2013.10.22 15:30,USD,HIGH,Non-Farm Payrolls
2013.10.30 21:00,USD,HIGH,FOMC Statement
2013.11.01 17:00,USD,HIGH,ISM Manufacturing PMI
2013.11.07 14:45,EUR,HIGH,ECB Rate Decision
2013.11.07 15:30,EUR,HIGH,ECB Press Conference
2013.11.08 15:30,USD,HIGH,Non-Farm Payrolls
2013.12.02 17:00,USD,HIGH,ISM Manufacturing PMI
2013.12.05 14:45,EUR,HIGH,ECB Rate Decision
2013.12.05 15:30,EUR,HIGH,ECB Press Conference
2013.12.06 15:30,USD,HIGH,Non-Farm Payrolls
2013.12.18 21:00,USD,HIGH,FOMC Statement
2014.01.02 17:00,USD,HIGH,ISM Manufacturing PMI
2014.01.03 15:30,USD,HIGH,Non-Farm Payrolls
2014.01.09 14:45,EUR,HIGH,ECB Rate Decision
2014.01.09 15:30,EUR,HIGH,ECB Press Conference
2014.01.29 21:00,USD,HIGH,FOMC Statement
2014.02.03 17:00,USD,HIGH,ISM Manufacturing PMI
2014.02.06 14:45,EUR,HIGH,ECB Rate Decision
2014.02.06 15:30,EUR,HIGH,ECB Press Conference
2014.02.07 15:30,USD,HIGH,Non-Farm Payrolls
2014.03.03 17:00,USD,HIGH,ISM Manufacturing PMI
2014.03.06 14:45,EUR,HIGH,ECB Rate Decision
2014.03.06 15:30,EUR,HIGH,ECB Press Conference
2014.03.07 15:30,USD,HIGH,Non-Farm Payrolls
2014.03.19 21:00,USD,HIGH,FOMC Statement
2014.04.01 17:00,USD,HIGH,ISM Manufacturing PMI
2014.04.03 14:45,EUR,HIGH,ECB Rate Decision
2014.04.03 15:30,EUR,HIGH,ECB Press Conference
2014.04.04 15:30,USD,HIGH,Non-Farm Payrolls
2014.04.30 21:00,USD,HIGH,FOMC Statement
2014.05.01 17:00,USD,HIGH,ISM Manufacturing PMI
2014.05.02 15:30,USD,HIGH,Non-Farm Payrolls
2014.05.08 14:45,EUR,HIGH,ECB Rate Decision
2014.05.08 15:30,EUR,HIGH,ECB Press Conference
2014.06.02 17:00,USD,HIGH,ISM Manufacturing PMI
2014.06.05 14:45,EUR,HIGH,ECB Rate Decision
2014.06.05 15:30,EUR,HIGH,ECB Press Conference
2014.06.06 15:30,USD,HIGH,Non-Farm Payrolls
2014.06.18 21:00,USD,HIGH,FOMC Statement
2014.07.01 17:00,USD,HIGH,ISM Manufacturing PMI
2014.07.03 14:45,EUR,HIGH,ECB Rate Decision
2014.07.03 15:30,EUR,HIGH,ECB Press Conference
2014.07.11 15:30,USD,HIGH,Non-Farm Payrolls
2014.07.30 21:00,USD,HIGH,FOMC Statement
2014.08.01 15:30,USD,HIGH,Non-Farm Payrolls
2014.08.01 17:00,USD,HIGH,ISM Manufacturing PMI
2014.08.07 14:45,EUR,HIGH,ECB Rate Decision
2014.08.07 15:30,EUR,HIGH,ECB Press Conference
2014.09.02 17:00,USD,HIGH,ISM Manufacturing PMI
2014.09.04 14:45,EUR,HIGH,ECB Rate Decision
2014.09.04 15:30,EUR,HIGH,ECB Press Conference
2014.09.05 15:30,USD,HIGH,Non-Farm Payrolls
2014.09.17 21:00,USD,HIGH,FOMC Statement
2014.10.01 17:00,USD,HIGH,ISM Manufacturing PMI
2014.10.02 14:45,EUR,HIGH,ECB Rate Decision
2014.10.02 15:30,EUR,HIGH,ECB Press Conference
2014.10.03 15:30,USD,HIGH,Non-Farm Payrolls
2014.10.29 21:00,USD,HIGH,FOMC Statement
2014.11.03 17:00,USD,HIGH,ISM Manufacturing PMI
2014.11.06 14:45,EUR,HIGH,ECB Rate Decision
2014.11.06 15:30,EUR,HIGH,ECB Press Conference
2014.11.07 15:30,USD,HIGH,Non-Farm Payrolls
2014.12.01 17:00,USD,HIGH,ISM Manufacturing PMI
2014.12.04 14:45,EUR,HIGH,ECB Rate Decision
2014.12.04 15:30,EUR,HIGH,ECB Press Conference
2014.12.05 15:30,USD,HIGH,Non-Farm Payrolls
2014.12.17 21:00,USD,HIGH,FOMC Statement
2015.01.02 15:30,USD,HIGH,Non-Farm Payrolls
2015.01.02 17:00,USD,HIGH,ISM Manufacturing PMI
2015.01.22 14:45,EUR,HIGH,ECB Rate Decision
2015.01.22 15:30,EUR,HIGH,ECB Press Conference
2015.01.28 21:00,USD,HIGH,FOMC Statement
2015.02.02 17:00,USD,HIGH,ISM Manufacturing PMI
2015.02.06 15:30,USD,HIGH,Non-Farm Payrolls
2015.03.02 17:00,USD,HIGH,ISM Manufacturing PMI
2015.03.05 14:45,EUR,HIGH,ECB Rate Decision
2015.03.05 15:30,EUR,HIGH,ECB Press Conference
2015.03.06 15:30,USD,HIGH,Non-Farm Payrolls
2015.03.18 21:00,USD,HIGH,FOMC Statement
2015.04.01 17:00,USD,HIGH,ISM Manufacturing PMI
2015.04.03 15:30,USD,HIGH,Non-Farm Payrolls
2015.04.15 14:45,EUR,HIGH,ECB Rate Decision
2015.04.15 15:30,EUR,HIGH,ECB Press Conference
2015.04.29 21:00,USD,HIGH,FOMC Statement
2015.05.01 17:00,USD,HIGH,ISM Manufacturing PMI
2015.05.08 15:30,USD,HIGH,Non-Farm Payrolls
2015.06.01 17:00,USD,HIGH,ISM Manufacturing PMI
2015.06.03 14:45,EUR,HIGH,ECB Rate Decision
2015.06.03 15:30,EUR,HIGH,ECB Press Conference
2015.06.05 15:30,USD,HIGH,Non-Farm Payrolls
2015.06.17 21:00,USD,HIGH,FOMC Statement
2015.07.01 17:00,USD,HIGH,ISM Manufacturing PMI
2015.07.10 15:30,USD,HIGH,Non-Farm Payrolls
2015.07.16 14:45,EUR,HIGH,ECB Rate Decision
2015.07.16 15:30,EUR,HIGH,ECB Press Conference
2015.07.29 21:00,USD,HIGH,FOMC Statement
2015.08.03 17:00,USD,HIGH,ISM Manufacturing PMI
2015.08.07 15:30,USD,HIGH,Non-Farm Payrolls
2015.09.01 17:00,USD,HIGH,ISM Manufacturing PMI
2015.09.03 14:45,EUR,HIGH,ECB Rate Decision
2015.09.03 15:30,EUR,HIGH,ECB Press Conference
2015.09.04 15:30,USD,HIGH,Non-Farm Payrolls
2015.09.17 21:00,USD,HIGH,FOMC Statement
2015.10.01 17:00,USD,HIGH,ISM Manufacturing PMI
2015.10.02 15:30,USD,HIGH,Non-Farm Payrolls
2015.10.22 14:45,EUR,HIGH,ECB Rate Decision
2015.10.22 15:30,EUR,HIGH,ECB Press Conference
2015.10.28 21:00,USD,HIGH,FOMC Statement
2015.11.02 17:00,USD,HIGH,ISM Manufacturing PMI
2015.11.06 15:30,USD,HIGH,Non-Farm Payrolls
2015.12.01 17:00,USD,HIGH,ISM Manufacturing PMI
2015.12.03 14:45,EUR,HIGH,ECB Rate Decision
2015.12.03 15:30,EUR,HIGH,ECB Press Conference
2015.12.04 15:30,USD,HIGH,Non-Farm Payrolls
2015.12.16 21:00,USD,HIGH,FOMC Statement
2016.01.04 17:00,USD,HIGH,ISM Manufacturing PMI
2016.01.08 15:30,USD,HIGH,Non-Farm Payrolls
2016.01.21 14:45,EUR,HIGH,ECB Rate Decision
2016.01.21 15:30,EUR,HIGH,ECB Press Conference
2016.01.27 21:00,USD,HIGH,FOMC Statement
2016.02.01 17:00,USD,HIGH,ISM Manufacturing PMI
2016.02.05 15:30,USD,HIGH,Non-Farm Payrolls
2016.03.01 17:00,USD,HIGH,ISM Manufacturing PMI
2016.03.04 15:30,USD,HIGH,Non-Farm Payrolls
2016.03.10 14:45,EUR,HIGH,ECB Rate Decision
2016.03.10 15:30,EUR,HIGH,ECB Press Conference
2016.03.16 21:00,USD,HIGH,FOMC Statement
2016.04.01 15:30,USD,HIGH,Non-Farm Payrolls
2016.04.01 17:00,USD,HIGH,ISM Manufacturing PMI
2016.04.21 14:45,EUR,HIGH,ECB Rate Decision
2016.04.21 15:30,EUR,HIGH,ECB Press Conference
2016.04.27 21:00,USD,HIGH,FOMC Statement
2016.05.02 17:00,USD,HIGH,ISM Manufacturing PMI
2016.05.06 15:30,USD,HIGH,Non-Farm Payrolls
2016.06.01 17:00,USD,HIGH,ISM Manufacturing PMI
2016.06.02 14:45,EUR,HIGH,ECB Rate Decision
2016.06.02 15:30,EUR,HIGH,ECB Press Conference
2016.06.03 15:30,USD,HIGH,Non-Farm Payrolls
2016.06.15 21:00,USD,HIGH,FOMC Statement
2016.07.01 17:00,USD,HIGH,ISM Manufacturing PMI
2016.07.08 15:30,USD,HIGH,Non-Farm Payrolls
2016.07.21 14:45,EUR,HIGH,ECB Rate Decision
2016.07.21 15:30,EUR,HIGH,ECB Press Conference
2016.07.27 21:00,USD,HIGH,FOMC Statement
2016.08.01 17:00,USD,HIGH,ISM Manufacturing PMI
2016.08.05 15:30,USD,HIGH,Non-Farm Payrolls
2016.09.01 17:00,USD,HIGH,ISM Manufacturing PMI
2016.09.02 15:30,USD,HIGH,Non-Farm Payrolls
2016.09.08 14:45,EUR,HIGH,ECB Rate Decision
2016.09.08 15:30,EUR,HIGH,ECB Press Conference
2016.09.21 21:00,USD,HIGH,FOMC Statement
2016.10.03 17:00,USD,HIGH,ISM Manufacturing PMI
2016.10.07 15:30,USD,HIGH,Non-Farm Payrolls
2016.10.20 14:45,EUR,HIGH,ECB Rate Decision
2016.10.20 15:30,EUR,HIGH,ECB Press Conference
2016.11.01 17:00,USD,HIGH,ISM Manufacturing PMI
2016.11.02 21:00,USD,HIGH,FOMC Statement
2016.11.04 15:30,USD,HIGH,Non-Farm Payrolls
2016.12.01 17:00,USD,HIGH,ISM Manufacturing PMI
2016.12.02 15:30,USD,HIGH,Non-Farm Payrolls
2016.12.08 14:45,EUR,HIGH,ECB Rate Decision
2016.12.08 15:30,EUR,HIGH,ECB Press Conference
2016.12.14 21:00,USD,HIGH,FOMC Statement
2017.01.03 17:00,USD,HIGH,ISM Manufacturing PMI
2017.01.06 15:30,USD,HIGH,Non-Farm Payrolls
2017.01.19 14:45,EUR,HIGH,ECB Rate Decision
2017.01.19 15:30,EUR,HIGH,ECB Press Conference
2017.02.01 17:00,USD,HIGH,ISM Manufacturing PMI
2017.02.01 21:00,USD,HIGH,FOMC Statement
2017.02.03 15:30,USD,HIGH,Non-Farm Payrolls
2017.03.01 17:00,USD,HIGH,ISM Manufacturing PMI
2017.03.09 14:45,EUR,HIGH,ECB Rate Decision
2017.03.09 15:30,EUR,HIGH,ECB Press Conference
2017.03.10 15:30,USD,HIGH,Non-Farm Payrolls
2017.03.15 21:00,USD,HIGH,FOMC Statement
2017.04.03 17:00,USD,HIGH,ISM Manufacturing PMI
2017.04.07 15:30,USD,HIGH,Non-Farm Payrolls
2017.04.27 14:45,EUR,HIGH,ECB Rate Decision
2017.04.27 15:30,EUR,HIGH,ECB Press Conference
2017.05.01 17:00,USD,HIGH,ISM Manufacturing PMI
2017.05.03 21:00,USD,HIGH,FOMC Statement
2017.05.05 15:30,USD,HIGH,Non-Farm Payrolls
2017.06.01 17:00,USD,HIGH,ISM Manufacturing PMI
2017.06.02 15:30,USD,HIGH,Non-Farm Payrolls
2017.06.08 14:45,EUR,HIGH,ECB Rate Decision
2017.06.08 15:30,EUR,HIGH,ECB Press Conference
2017.06.14 21:00,USD,HIGH,FOMC Statement
2017.07.03 17:00,USD,HIGH,ISM Manufacturing PMI
2017.07.07 15:30,USD,HIGH,Non-Farm Payrolls
2017.07.20 14:45,EUR,HIGH,ECB Rate Decision
2017.07.20 15:30,EUR,HIGH,ECB Press Conference
2017.07.26 21:00,USD,HIGH,FOMC Statement
2017.08.01 17:00,USD,HIGH,ISM Manufacturing PMI
2017.08.04 15:30,USD,HIGH,Non-Farm Payrolls
2017.09.01 15:30,USD,HIGH,Non-Farm Payrolls
2017.09.01 17:00,USD,HIGH,ISM Manufacturing PMI
2017.09.07 14:45,EUR,HIGH,ECB Rate Decision
2017.09.07 15:30,EUR,HIGH,ECB Press Conference
2017.09.20 21:00,USD,HIGH,FOMC Statement
2017.10.02 17:00,USD,HIGH,ISM Manufacturing PMI
2017.10.06 15:30,USD,HIGH,Non-Farm Payrolls
2017.10.26 14:45,EUR,HIGH,ECB Rate Decision
2017.10.26 15:30,EUR,HIGH,ECB Press Conference
2017.11.01 17:00,USD,HIGH,ISM Manufacturing PMI
2017.11.01 21:00,USD,HIGH,FOMC Statement
2017.11.03 15:30,USD,HIGH,Non-Farm Payrolls
2017.12.01 17:00,USD,HIGH,ISM Manufacturing PMI
2017.12.08 15:30,USD,HIGH,Non-Farm Payrolls
2017.12.13 21:00,USD,HIGH,FOMC Statement
2017.12.14 14:45,EUR,HIGH,ECB Rate Decision
2017.12.14 15:30,EUR,HIGH,ECB Press Conference
2018.01.02 17:00,USD,HIGH,ISM Manufacturing PMI
2018.01.05 15:30,USD,HIGH,Non-Farm Payrolls
2018.01.25 14:45,EUR,HIGH,ECB Rate Decision
2018.01.25 15:30,EUR,HIGH,ECB Press Conference
2018.01.31 21:00,USD,HIGH,FOMC Statement
2018.02.01 17:00,USD,HIGH,ISM Manufacturing PMI
2018.02.02 15:30,USD,HIGH,Non-Farm Payrolls
2018.03.01 17:00,USD,HIGH,ISM Manufacturing PMI
2018.03.08 14:45,EUR,HIGH,ECB Rate Decision
2018.03.08 15:30,EUR,HIGH,ECB Press Conference
2018.03.09 15:30,USD,HIGH,Non-Farm Payrolls
2018.03.21 21:00,USD,HIGH,FOMC Statement
2018.04.02 17:00,USD,HIGH,ISM Manufacturing PMI
2018.04.06 15:30,USD,HIGH,Non-Farm Payrolls
2018.04.26 14:45,EUR,HIGH,ECB Rate Decision
2018.04.26 15:30,EUR,HIGH,ECB Press Conference
2018.05.01 17:00,USD,HIGH,ISM Manufacturing PMI
2018.05.02 21:00,USD,HIGH,FOMC Statement
2018.05.04 15:30,USD,HIGH,Non-Farm Payrolls
2018.06.01 15:30,USD,HIGH,Non-Farm Payrolls
2018.06.01 17:00,USD,HIGH,ISM Manufacturing PMI
2018.06.13 21:00,USD,HIGH,FOMC Statement
2018.06.14 14:45,EUR,HIGH,ECB Rate Decision
2018.06.14 15:30,EUR,HIGH,ECB Press Conference
2018.07.02 17:00,USD,HIGH,ISM Manufacturing PMI
2018.07.06 15:30,USD,HIGH,Non-Farm Payrolls
2018.07.26 14:45,EUR,HIGH,ECB Rate Decision
2018.07.26 15:30,EUR,HIGH,ECB Press Conference
2018.08.01 17:00,USD,HIGH,ISM Manufacturing PMI
2018.08.01 21:00,USD,HIGH,FOMC Statement
2018.08.03 15:30,USD,HIGH,Non-Farm Payrolls
2018.09.04 17:00,USD,HIGH,ISM Manufacturing PMI
2018.09.07 15:30,USD,HIGH,Non-Farm Payrolls
2018.09.13 14:45,EUR,HIGH,ECB Rate Decision
2018.09.13 15:30,EUR,HIGH,ECB Press Conference
2018.09.26 21:00,USD,HIGH,FOMC Statement
2018.10.01 17:00,USD,HIGH,ISM Manufacturing PMI
2018.10.05 15:30,USD,HIGH,Non-Farm Payrolls
2018.10.25 14:45,EUR,HIGH,ECB Rate Decision
2018.10.25 15:30,EUR,HIGH,ECB Press Conference
2018.11.01 17:00,USD,HIGH,ISM Manufacturing PMI
2018.11.02 15:30,USD,HIGH,Non-Farm Payrolls
2018.11.08 21:00,USD,HIGH,FOMC Statement
2018.12.03 17:00,USD,HIGH,ISM Manufacturing PMI
2018.12.07 15:30,USD,HIGH,Non-Farm Payrolls
2018.12.13 14:45,EUR,HIGH,ECB Rate Decision
2018.12.13 15:30,EUR,HIGH,ECB Press Conference
2018.12.19 21:00,USD,HIGH,FOMC Statement
2019.01.02 17:00,USD,HIGH,ISM Manufacturing PMI
2019.01.04 15:30,USD,HIGH,Non-Farm Payrolls
2019.01.24 14:45,EUR,HIGH,ECB Rate Decision
2019.01.24 15:30,EUR,HIGH,ECB Press Conference
2019.01.30 21:00,USD,HIGH,FOMC Statement
2019.02.01 15:30,USD,HIGH,Non-Farm Payrolls
2019.02.01 17:00,USD,HIGH,ISM Manufacturing PMI
2019.03.01 17:00,USD,HIGH,ISM Manufacturing PMI
2019.03.07 14:45,EUR,HIGH,ECB Rate Decision
2019.03.07 15:30,EUR,HIGH,ECB Press Conference
2019.03.08 15:30,USD,HIGH,Non-Farm Payrolls
2019.03.20 21:00,USD,HIGH,FOMC Statement
2019.04.01 17:00,USD,HIGH,ISM Manufacturing PMI
2019.04.05 15:30,USD,HIGH,Non-Farm Payrolls
2019.04.10 14:45,EUR,HIGH,ECB Rate Decision
2019.04.10 15:30,EUR,HIGH,ECB Press Conference
2019.05.01 17:00,USD,HIGH,ISM Manufacturing PMI
2019.05.01 21:00,USD,HIGH,FOMC Statement
2019.05.03 15:30,USD,HIGH,Non-Farm Payrolls
2019.06.03 17:00,USD,HIGH,ISM Manufacturing PMI
2019.06.06 14:45,EUR,HIGH,ECB Rate Decision
2019.06.06 15:30,EUR,HIGH,ECB Press Conference
2019.06.07 15:30,USD,HIGH,Non-Farm Payrolls
2019.06.19 21:00,USD,HIGH,FOMC Statement
2019.07.01 17:00,USD,HIGH,ISM Manufacturing PMI
2019.07.05 15:30,USD,HIGH,Non-Farm Payrolls
2019.07.25 14:45,EUR,HIGH,ECB Rate Decision
2019.07.25 15:30,EUR,HIGH,ECB Press Conference
2019.07.31 21:00,USD,HIGH,FOMC Statement
2019.08.01 17:00,USD,HIGH,ISM Manufacturing PMI
2019.08.02 15:30,USD,HIGH,Non-Farm Payrolls
2019.09.03 17:00,USD,HIGH,ISM Manufacturing PMI
2019.09.06 15:30,USD,HIGH,Non-Farm Payrolls
2019.09.12 14:45,EUR,HIGH,ECB Rate Decision
2019.09.12 15:30,EUR,HIGH,ECB Press Conference
2019.09.18 21:00,USD,HIGH,FOMC Statement
2019.10.01 17:00,USD,HIGH,ISM Manufacturing PMI
2019.10.04 15:30,USD,HIGH,Non-Farm Payrolls
2019.10.24 14:45,EUR,HIGH,ECB Rate Decision
2019.10.24 15:30,EUR,HIGH,ECB Press Conference
2019.10.30 21:00,USD,HIGH,FOMC Statement
2019.11.01 15:30,USD,HIGH,Non-Farm Payrolls
2019.11.01 17:00,USD,HIGH,ISM Manufacturing PMI
2019.12.02 17:00,USD,HIGH,ISM Manufacturing PMI
2019.12.06 15:30,USD,HIGH,Non-Farm Payrolls
2019.12.11 21:00,USD,HIGH,FOMC Statement
2019.12.12 14:45,EUR,HIGH,ECB Rate Decision
2019.12.12 15:30,EUR,HIGH,ECB Press Conference
2020.01.02 17:00,USD,HIGH,ISM Manufacturing PMI
2020.01.03 15:30,USD,HIGH,Non-Farm Payrolls
2020.01.23 14:45,EUR,HIGH,ECB Rate Decision
2020.01.23 15:30,EUR,HIGH,ECB Press Conference
2020.01.29 21:00,USD,HIGH,FOMC Statement
2020.02.03 17:00,USD,HIGH,ISM Manufacturing PMI
2020.02.07 15:30,USD,HIGH,Non-Farm Payrolls
2020.03.02 17:00,USD,HIGH,ISM Manufacturing PMI
2020.03.03 17:00,USD,HIGH,FOMC Emergency Statement
2020.03.06 15:30,USD,HIGH,Non-Farm Payrolls
2020.03.12 15:45,EUR,HIGH,ECB Rate Decision
2020.03.12 16:30,EUR,HIGH,ECB Press Conference
2020.03.16 00:00,USD,HIGH,FOMC Emergency Statement
2020.04.01 17:00,USD,HIGH,ISM Manufacturing PMI
2020.04.03 15:30,USD,HIGH,Non-Farm Payrolls
2020.04.29 21:00,USD,HIGH,FOMC Statement
2020.04.30 14:45,EUR,HIGH,ECB Rate Decision
2020.04.30 15:30,EUR,HIGH,ECB Press Conference
2020.05.01 17:00,USD,HIGH,ISM Manufacturing PMI
2020.05.08 15:30,USD,HIGH,Non-Farm Payrolls
2020.06.01 17:00,USD,HIGH,ISM Manufacturing PMI
2020.06.04 14:45,EUR,HIGH,ECB Rate Decision
2020.06.04 15:30,EUR,HIGH,ECB Press Conference
2020.06.05 15:30,USD,HIGH,Non-Farm Payrolls
2020.06.10 21:00,USD,HIGH,FOMC Statement
2020.07.01 17:00,USD,HIGH,ISM Manufacturing PMI
2020.07.10 15:30,USD,HIGH,Non-Farm Payrolls
2020.07.16 14:45,EUR,HIGH,ECB Rate Decision
2020.07.16 15:30,EUR,HIGH,ECB Press Conference
2020.07.29 21:00,USD,HIGH,FOMC Statement
2020.08.03 17:00,USD,HIGH,ISM Manufacturing PMI
2020.08.07 15:30,USD,HIGH,Non-Farm Payrolls
2020.09.01 17:00,USD,HIGH,ISM Manufacturing PMI
2020.09.04 15:30,USD,HIGH,Non-Farm Payrolls
2020.09.10 14:45,EUR,HIGH,ECB Rate Decision
2020.09.10 15:30,EUR,HIGH,ECB Press Conference
2020.09.16 21:00,USD,HIGH,FOMC Statement
2020.10.01 17:00,USD,HIGH,ISM Manufacturing PMI
2020.10.02 15:30,USD,HIGH,Non-Farm Payrolls
2020.10.29 15:45,EUR,HIGH,ECB Rate Decision
2020.10.29 16:30,EUR,HIGH,ECB Press Conference
2020.11.02 17:00,USD,HIGH,ISM Manufacturing PMI
2020.11.05 21:00,USD,HIGH,FOMC Statement
2020.11.06 15:30,USD,HIGH,Non-Farm Payrolls
2020.12.01 17:00,USD,HIGH,ISM Manufacturing PMI
2020.12.04 15:30,USD,HIGH,Non-Farm Payrolls
2020.12.10 14:45,EUR,HIGH,ECB Rate Decision
2020.12.10 15:30,EUR,HIGH,ECB Press Conference
2020.12.16 21:00,USD,HIGH,FOMC Statement
2021.01.04 17:00,USD,HIGH,ISM Manufacturing PMI
2021.01.08 15:30,USD,HIGH,Non-Farm Payrolls
2021.01.21 14:45,EUR,HIGH,ECB Rate Decision
2021.01.21 15:30,EUR,HIGH,ECB Press Conference
2021.01.27 21:00,USD,HIGH,FOMC Statement
2021.02.01 17:00,USD,HIGH,ISM Manufacturing PMI
2021.02.05 15:30,USD,HIGH,Non-Farm Payrolls
2021.03.01 17:00,USD,HIGH,ISM Manufacturing PMI
2021.03.05 15:30,USD,HIGH,Non-Farm Payrolls
2021.03.11 14:45,EUR,HIGH,ECB Rate Decision
2021.03.11 15:30,EUR,HIGH,ECB Press Conference
2021.03.17 21:00,USD,HIGH,FOMC Statement
2021.04.01 17:00,USD,HIGH,ISM Manufacturing PMI
2021.04.02 15:30,USD,HIGH,Non-Farm Payrolls
2021.04.22 14:45,EUR,HIGH,ECB Rate Decision
2021.04.22 15:30,EUR,HIGH,ECB Press Conference
2021.04.28 21:00,USD,HIGH,FOMC Statement
2021.05.03 17:00,USD,HIGH,ISM Manufacturing PMI
2021.05.07 15:30,USD,HIGH,Non-Farm Payrolls
2021.06.01 17:00,USD,HIGH,ISM Manufacturing PMI
2021.06.04 15:30,USD,HIGH,Non-Farm Payrolls
2021.06.10 14:45,EUR,HIGH,ECB Rate Decision
2021.06.10 15:30,EUR,HIGH,ECB Press Conference
2021.06.16 21:00,USD,HIGH,FOMC Statement
2021.07.01 17:00,USD,HIGH,ISM Manufacturing PMI
2021.07.02 15:30,USD,HIGH,Non-Farm Payrolls
2021.07.22 14:45,EUR,HIGH,ECB Rate Decision
2021.07.22 15:30,EUR,HIGH,ECB Press Conference
2021.07.28 21:00,USD,HIGH,FOMC Statement
2021.08.02 17:00,USD,HIGH,ISM Manufacturing PMI
2021.08.06 15:30,USD,HIGH,Non-Farm Payrolls
2021.09.01 17:00,USD,HIGH,ISM Manufacturing PMI
2021.09.03 15:30,USD,HIGH,Non-Farm Payrolls
2021.09.09 14:45,EUR,HIGH,ECB Rate Decision
2021.09.09 15:30,EUR,HIGH,ECB Press Conference
2021.09.22 21:00,USD,HIGH,FOMC Statement
2021.10.01 17:00,USD,HIGH,ISM Manufacturing PMI
2021.10.08 15:30,USD,HIGH,Non-Farm Payrolls
2021.10.28 14:45,EUR,HIGH,ECB Rate Decision
2021.10.28 15:30,EUR,HIGH,ECB Press Conference
2021.11.01 17:00,USD,HIGH,ISM Manufacturing PMI
2021.11.03 21:00,USD,HIGH,FOMC Statement
2021.11.05 15:30,USD,HIGH,Non-Farm Payrolls
2021.12.01 17:00,USD,HIGH,ISM Manufacturing PMI
2021.12.03 15:30,USD,HIGH,Non-Farm Payrolls
2021.12.15 21:00,USD,HIGH,FOMC Statement
2021.12.16 14:45,EUR,HIGH,ECB Rate Decision
2021.12.16 15:30,EUR,HIGH,ECB Press Conference
2022.01.03 17:00,USD,HIGH,ISM Manufacturing PMI
2022.01.07 15:30,USD,HIGH,Non-Farm Payrolls
2022.01.26 21:00,USD,HIGH,FOMC Statement
2022.02.01 17:00,USD,HIGH,ISM Manufacturing PMI
2022.02.03 14:45,EUR,HIGH,ECB Rate Decision
2022.02.03 15:30,EUR,HIGH,ECB Press Conference
2022.02.04 15:30,USD,HIGH,Non-Farm Payrolls
2022.03.01 17:00,USD,HIGH,ISM Manufacturing PMI
2022.03.04 15:30,USD,HIGH,Non-Farm Payrolls
2022.03.10 14:45,EUR,HIGH,ECB Rate Decision
2022.03.10 15:30,EUR,HIGH,ECB Press Conference
2022.03.16 21:00,USD,HIGH,FOMC Statement
2022.04.01 15:30,USD,HIGH,Non-Farm Payrolls
2022.04.01 17:00,USD,HIGH,ISM Manufacturing PMI
2022.04.14 14:45,EUR,HIGH,ECB Rate Decision
2022.04.14 15:30,EUR,HIGH,ECB Press Conference
2022.05.02 17:00,USD,HIGH,ISM Manufacturing PMI
2022.05.04 21:00,USD,HIGH,FOMC Statement
2022.05.06 15:30,USD,HIGH,Non-Farm Payrolls
2022.06.01 17:00,USD,HIGH,ISM Manufacturing PMI
2022.06.03 15:30,USD,HIGH,Non-Farm Payrolls
2022.06.09 14:45,EUR,HIGH,ECB Rate Decision
2022.06.09 15:30,EUR,HIGH,ECB Press Conference
2022.06.15 21:00,USD,HIGH,FOMC Statement
2022.07.01 17:00,USD,HIGH,ISM Manufacturing PMI
2022.07.08 15:30,USD,HIGH,Non-Farm Payrolls
2022.07.21 15:15,EUR,HIGH,ECB Rate Decision
2022.07.21 15:45,EUR,HIGH,ECB Press Conference
2022.07.27 21:00,USD,HIGH,FOMC Statement
2022.08.01 17:00,USD,HIGH,ISM Manufacturing PMI
2022.08.05 15:30,USD,HIGH,Non-Farm Payrolls
2022.09.01 17:00,USD,HIGH,ISM Manufacturing PMI
2022.09.02 15:30,USD,HIGH,Non-Farm Payrolls
2022.09.08 15:15,EUR,HIGH,ECB Rate Decision
2022.09.08 15:45,EUR,HIGH,ECB Press Conference
2022.09.21 21:00,USD,HIGH,FOMC Statement
2022.10.03 17:00,USD,HIGH,ISM Manufacturing PMI
2022.10.07 15:30,USD,HIGH,Non-Farm Payrolls
2022.10.27 15:15,EUR,HIGH,ECB Rate Decision
2022.10.27 15:45,EUR,HIGH,ECB Press Conference
2022.11.01 17:00,USD,HIGH,ISM Manufacturing PMI
2022.11.02 21:00,USD,HIGH,FOMC Statement
2022.11.04 15:30,USD,HIGH,Non-Farm Payrolls
2022.12.01 17:00,USD,HIGH,ISM Manufacturing PMI
2022.12.02 15:30,USD,HIGH,Non-Farm Payrolls
2022.12.14 21:00,USD,HIGH,FOMC Statement
2022.12.15 15:15,EUR,HIGH,ECB Rate Decision
2022.12.15 15:45,EUR,HIGH,ECB Press Conference
2023.01.03 17:00,USD,HIGH,ISM Manufacturing PMI
2023.01.06 15:30,USD,HIGH,Non-Farm Payrolls
2023.02.01 17:00,USD,HIGH,ISM Manufacturing PMI
2023.02.01 21:00,USD,HIGH,FOMC Statement
2023.02.02 15:15,EUR,HIGH,ECB Rate Decision
2023.02.02 15:45,EUR,HIGH,ECB Press Conference
2023.02.03 15:30,USD,HIGH,Non-Farm Payrolls
2023.03.01 17:00,USD,HIGH,ISM Manufacturing PMI
2023.03.10 15:30,USD,HIGH,Non-Farm Payrolls
2023.03.16 16:15,EUR,HIGH,ECB Rate Decision
2023.03.16 16:45,EUR,HIGH,ECB Press Conference
2023.03.22 21:00,USD,HIGH,FOMC Statement
2023.04.03 17:00,USD,HIGH,ISM Manufacturing PMI
2023.04.07 15:30,USD,HIGH,Non-Farm Payrolls
2023.05.01 17:00,USD,HIGH,ISM Manufacturing PMI
2023.05.03 21:00,USD,HIGH,FOMC Statement
2023.05.04 15:15,EUR,HIGH,ECB Rate Decision
2023.05.04 15:45,EUR,HIGH,ECB Press Conference
2023.05.05 15:30,USD,HIGH,Non-Farm Payrolls
2023.06.01 17:00,USD,HIGH,ISM Manufacturing PMI
2023.06.02 15:30,USD,HIGH,Non-Farm Payrolls
2023.06.14 21:00,USD,HIGH,FOMC Statement
2023.06.15 15:15,EUR,HIGH,ECB Rate Decision
2023.06.15 15:45,EUR,HIGH,ECB Press Conference
2023.07.03 17:00,USD,HIGH,ISM Manufacturing PMI
2023.07.07 15:30,USD,HIGH,Non-Farm Payrolls
2023.07.26 21:00,USD,HIGH,FOMC Statement
2023.07.27 15:15,EUR,HIGH,ECB Rate Decision
2023.07.27 15:45,EUR,HIGH,ECB Press Conference
2023.08.01 17:00,USD,HIGH,ISM Manufacturing PMI
2023.08.04 15:30,USD,HIGH,Non-Farm Payrolls
2023.09.01 15:30,USD,HIGH,Non-Farm Payrolls
2023.09.01 17:00,USD,HIGH,ISM Manufacturing PMI
2023.09.14 15:15,EUR,HIGH,ECB Rate Decision
2023.09.14 15:45,EUR,HIGH,ECB Press Conference
2023.09.20 21:00,USD,HIGH,FOMC Statement
2023.10.02 17:00,USD,HIGH,ISM Manufacturing PMI
2023.10.06 15:30,USD,HIGH,Non-Farm Payrolls
2023.10.26 15:15,EUR,HIGH,ECB Rate Decision
2023.10.26 15:45,EUR,HIGH,ECB Press Conference
2023.11.01 17:00,USD,HIGH,ISM Manufacturing PMI
2023.11.01 21:00,USD,HIGH,FOMC Statement
2023.11.03 15:30,USD,HIGH,Non-Farm Payrolls
2023.12.01 17:00,USD,HIGH,ISM Manufacturing PMI
2023.12.08 15:30,USD,HIGH,Non-Farm Payrolls
2023.12.13 21:00,USD,HIGH,FOMC Statement
2023.12.14 15:15,EUR,HIGH,ECB Rate Decision
2023.12.14 15:45,EUR,HIGH,ECB Press Conference
2024.01.02 17:00,USD,HIGH,ISM Manufacturing PMI
2024.01.05 15:30,USD,HIGH,Non-Farm Payrolls
2024.01.25 15:15,EUR,HIGH,ECB Rate Decision
2024.01.25 15:45,EUR,HIGH,ECB Press Conference
2024.01.31 21:00,USD,HIGH,FOMC Statement
2024.02.01 17:00,USD,HIGH,ISM Manufacturing PMI
2024.02.02 15:30,USD,HIGH,Non-Farm Payrolls
2024.03.01 17:00,USD,HIGH,ISM Manufacturing PMI
2024.03.07 15:15,EUR,HIGH,ECB Rate Decision
2024.03.07 15:45,EUR,HIGH,ECB Press Conference
2024.03.08 15:30,USD,HIGH,Non-Farm Payrolls
2024.03.20 21:00,USD,HIGH,FOMC Statement
2024.04.01 17:00,USD,HIGH,ISM Manufacturing PMI
2024.04.05 15:30,USD,HIGH,Non-Farm Payrolls
2024.04.11 15:15,EUR,HIGH,ECB Rate Decision
2024.04.11 15:45,EUR,HIGH,ECB Press Conference
2024.05.01 17:00,USD,HIGH,ISM Manufacturing PMI
2024.05.01 21:00,USD,HIGH,FOMC Statement
2024.05.03 15:30,USD,HIGH,Non-Farm Payrolls
2024.06.03 17:00,USD,HIGH,ISM Manufacturing PMI
2024.06.06 15:15,EUR,HIGH,ECB Rate Decision
2024.06.06 15:45,EUR,HIGH,ECB Press Conference
2024.06.07 15:30,USD,HIGH,Non-Farm Payrolls
2024.06.12 21:00,USD,HIGH,FOMC Statement
2024.07.01 17:00,USD,HIGH,ISM Manufacturing PMI
2024.07.05 15:30,USD,HIGH,Non-Farm Payrolls
2024.07.18 15:15,EUR,HIGH,ECB Rate Decision
2024.07.18 15:45,EUR,HIGH,ECB Press Conference
2024.07.31 21:00,USD,HIGH,FOMC Statement
2024.08.01 17:00,USD,HIGH,ISM Manufacturing PMI
2024.08.02 15:30,USD,HIGH,Non-Farm Payrolls
2024.09.03 17:00,USD,HIGH,ISM Manufacturing PMI
2024.09.06 15:30,USD,HIGH,Non-Farm Payrolls
2024.09.12 15:15,EUR,HIGH,ECB Rate Decision
2024.09.12 15:45,EUR,HIGH,ECB Press Conference
2024.09.18 21:00,USD,HIGH,FOMC Statement
2024.10.01 17:00,USD,HIGH,ISM Manufacturing PMI
2024.10.04 15:30,USD,HIGH,Non-Farm Payrolls
2024.10.17 15:15,EUR,HIGH,ECB Rate Decision
2024.10.17 15:45,EUR,HIGH,ECB Press Conference
2024.11.01 15:30,USD,HIGH,Non-Farm Payrolls
2024.11.01 17:00,USD,HIGH,ISM Manufacturing PMI
2024.11.07 21:00,USD,HIGH,FOMC Statement
2024.12.02 17:00,USD,HIGH,ISM Manufacturing PMI
2024.12.06 15:30,USD,HIGH,Non-Farm Payrolls
2024.12.12 15:15,EUR,HIGH,ECB Rate Decision
2024.12.12 15:45,EUR,HIGH,ECB Press Conference
2024.12.18 21:00,USD,HIGH,FOMC Statement
2025.01.02 17:00,USD,HIGH,ISM Manufacturing PMI
2025.01.03 15:30,USD,HIGH,Non-Farm Payrolls
2025.01.29 21:00,USD,HIGH,FOMC Statement
2025.01.30 15:15,EUR,HIGH,ECB Rate Decision
2025.01.30 15:45,EUR,HIGH,ECB Press Conference
2025.02.03 17:00,USD,HIGH,ISM Manufacturing PMI
2025.02.07 15:30,USD,HIGH,Non-Farm Payrolls
2025.03.03 17:00,USD,HIGH,ISM Manufacturing PMI
2025.03.06 15:15,EUR,HIGH,ECB Rate Decision
2025.03.06 15:45,EUR,HIGH,ECB Press Conference
2025.03.07 15:30,USD,HIGH,Non-Farm Payrolls
2025.03.19 21:00,USD,HIGH,FOMC Statement
2025.04.01 17:00,USD,HIGH,ISM Manufacturing PMI
2025.04.04 15:30,USD,HIGH,Non-Farm Payrolls
2025.04.17 15:15,EUR,HIGH,ECB Rate Decision
2025.04.17 15:45,EUR,HIGH,ECB Press Conference
2025.05.01 17:00,USD,HIGH,ISM Manufacturing PMI
2025.05.02 15:30,USD,HIGH,Non-Farm Payrolls
2025.05.07 21:00,USD,HIGH,FOMC Statement
2025.06.02 17:00,USD,HIGH,ISM Manufacturing PMI
2025.06.05 15:15,EUR,HIGH,ECB Rate Decision
2025.06.05 15:45,EUR,HIGH,ECB Press Conference
2025.06.06 15:30,USD,HIGH,Non-Farm Payrolls
2025.06.18 21:00,USD,HIGH,FOMC Statement
2025.07.01 17:00,USD,HIGH,ISM Manufacturing PMI
2025.07.11 15:30,USD,HIGH,Non-Farm Payrolls
2025.07.24 15:15,EUR,HIGH,ECB Rate Decision
2025.07.24 15:45,EUR,HIGH,ECB Press Conference
2025.07.30 21:00,USD,HIGH,FOMC Statement
2025.08.01 15:30,USD,HIGH,Non-Farm Payrolls
2025.08.01 17:00,USD,HIGH,ISM Manufacturing PMI
2025.09.02 17:00,USD,HIGH,ISM Manufacturing PMI
2025.09.05 15:30,USD,HIGH,Non-Farm Payrolls
2025.09.11 15:15,EUR,HIGH,ECB Rate Decision
2025.09.11 15:45,EUR,HIGH,ECB Press Conference
2025.09.17 21:00,USD,HIGH,FOMC Statement
2025.10.01 17:00,USD,HIGH,ISM Manufacturing PMI
2025.10.03 15:30,USD,HIGH,Non-Farm Payrolls
2025.10.29 21:00,USD,HIGH,FOMC Statement
2025.10.30 16:15,EUR,HIGH,ECB Rate Decision
2025.10.30 16:45,EUR,HIGH,ECB Press Conference
2025.11.03 17:00,USD,HIGH,ISM Manufacturing PMI
2025.11.07 15:30,USD,HIGH,Non-Farm Payrolls
2025.12.01 17:00,USD,HIGH,ISM Manufacturing PMI
2025.12.05 15:30,USD,HIGH,Non-Farm Payrolls
2025.12.10 21:00,USD,HIGH,FOMC Statement
2025.12.18 15:15,EUR,HIGH,ECB Rate Decision
2025.12.18 15:45,EUR,HIGH,ECB Press Conference
2026.01.02 15:30,USD,HIGH,Non-Farm Payrolls
2026.01.02 17:00,USD,HIGH,ISM Manufacturing PMI
2026.01.28 21:00,USD,HIGH,FOMC Statement
2026.02.02 17:00,USD,HIGH,ISM Manufacturing PMI
2026.02.05 15:15,EUR,HIGH,ECB Rate Decision
2026.02.05 15:45,EUR,HIGH,ECB Press Conference
2026.02.06 15:30,USD,HIGH,Non-Farm Payrolls
2026.03.02 17:00,USD,HIGH,ISM Manufacturing PMI
2026.03.06 15:30,USD,HIGH,Non-Farm Payrolls
2026.03.18 21:00,USD,HIGH,FOMC Statement
2026.03.19 16:15,EUR,HIGH,ECB Rate Decision
2026.03.19 16:45,EUR,HIGH,ECB Press Conference
2026.04.01 17:00,USD,HIGH,ISM Manufacturing PMI
2026.04.03 15:30,USD,HIGH,Non-Farm Payrolls
2026.04.29 21:00,USD,HIGH,FOMC Statement
2026.04.30 15:15,EUR,HIGH,ECB Rate Decision
2026.04.30 15:45,EUR,HIGH,ECB Press Conference
2026.05.01 17:00,USD,HIGH,ISM Manufacturing PMI
2026.05.08 15:30,USD,HIGH,Non-Farm Payrolls
2026.06.01 17:00,USD,HIGH,ISM Manufacturing PMI
2026.06.05 15:30,USD,HIGH,Non-Farm Payrolls
2026.06.11 15:15,EUR,HIGH,ECB Rate Decision
2026.06.11 15:45,EUR,HIGH,ECB Press Conference
2026.06.17 21:00,USD,HIGH,FOMC Statement
2026.07.01 17:00,USD,HIGH,ISM Manufacturing PMI
2026.07.10 15:30,USD,HIGH,Non-Farm Payrolls
2026.07.23 15:15,EUR,HIGH,ECB Rate Decision
2026.07.23 15:45,EUR,HIGH,ECB Press Conference
2026.07.29 21:00,USD,HIGH,FOMC Statement
2026.08.03 17:00,USD,HIGH,ISM Manufacturing PMI
2026.08.07 15:30,USD,HIGH,Non-Farm Payrolls
2026.09.01 17:00,USD,HIGH,ISM Manufacturing PMI
2026.09.04 15:30,USD,HIGH,Non-Farm Payrolls
2026.09.10 15:15,EUR,HIGH,ECB Rate Decision
2026.09.10 15:45,EUR,HIGH,ECB Press Conference
2026.09.16 21:00,USD,HIGH,FOMC Statement
2026.10.01 17:00,USD,HIGH,ISM Manufacturing PMI
2026.10.02 15:30,USD,HIGH,Non-Farm Payrolls
2026.10.28 21:00,USD,HIGH,FOMC Statement
2026.10.29 16:15,EUR,HIGH,ECB Rate Decision
2026.10.29 16:45,EUR,HIGH,ECB Press Conference
2026.11.02 17:00,USD,HIGH,ISM Manufacturing PMI
2026.11.06 15:30,USD,HIGH,Non-Farm Payrolls
2026.12.01 17:00,USD,HIGH,ISM Manufacturing PMI
2026.12.04 15:30,USD,HIGH,Non-Farm Payrolls
2026.12.09 21:00,USD,HIGH,FOMC Statement
2026.12.17 15:15,EUR,HIGH,ECB Rate Decision
2026.12.17 15:45,EUR,HIGH,ECB Press Conference
