kind,model,case,period,final_usd,ret_yr,max_dd,ruined,trades_day,commission_usd
sweep,vantage_raw_ecn,grid 2p / TP 1p,2012-2016,9.63500000021313,-37.38912205960977,96.38499999980198,1.0,0.3863829019543431,74.7000000000013
sweep,vantage_raw_ecn,grid 2p / TP 2p,2012-2016,8.799000000254578,-38.51609583764248,92.63128021069706,1.0,0.3771466572861118,85.20000000000145
sweep,vantage_raw_ecn,grid 2p / TP 3p,2012-2016,8.756000000218387,-38.57634272148977,92.55588202457014,1.0,0.29632951643908784,72.24000000000096
sweep,vantage_raw_ecn,grid 2p / TP 5p,2012-2016,1.2453403815624675,-58.42505822627779,99.04119768906237,1.0,0.4618122334115654,107.22000000000203
sweep,vantage_raw_ecn,grid 2p / TP 8p,2012-2016,2.4906807631248977,-52.23900549519952,97.83098426968209,1.0,0.28478421060379866,66.60000000000086
sweep,vantage_raw_ecn,grid 2p / TP 12p,2012-2016,1.2453403815629098,-58.42505822627484,99.01873709218789,1.0,0.32403825044378176,77.16000000000113
sweep,vantage_raw_ecn,grid 3p / TP 1p,2012-2016,9.80900000014268,-37.16446475513104,93.32752889015974,1.0,0.5072237696970361,76.80000000000157
sweep,vantage_raw_ecn,grid 3p / TP 2p,2012-2016,8.931000000174091,-38.33261132850385,93.34499764280778,1.0,0.5041450214742923,76.80000000000156
sweep,vantage_raw_ecn,grid 3p / TP 3p,2012-2016,7.218000000213164,-40.90537998539562,94.05975395412915,1.0,0.5303143813676143,83.16000000000165
sweep,vantage_raw_ecn,grid 3p / TP 5p,2012-2016,1.1853687874582253,-58.833666307282726,99.07335872338595,1.0,0.6026649646020928,92.76000000000202
sweep,vantage_raw_ecn,grid 3p / TP 8p,2012-2016,6.673000000210708,-41.82655959737877,94.8662122446119,1.0,0.49490877680606093,76.9800000000014
sweep,vantage_raw_ecn,grid 3p / TP 12p,2012-2016,9.478000000219795,-37.59463262392108,94.8545057218522,1.0,0.5433990613142753,80.16000000000157
sweep,vantage_raw_ecn,grid 5p / TP 1p,2012-2016,1.226085872726026,-58.55449742273259,98.8062294948487,1.0,0.5949680940452334,62.10000000000135
sweep,vantage_raw_ecn,grid 5p / TP 2p,2012-2016,8.78200000010547,-38.53988616480126,92.56972670562573,1.0,0.6881002277832325,74.16000000000176
sweep,vantage_raw_ecn,grid 5p / TP 3p,2012-2016,8.89300000013414,-38.385209045025846,92.71314663047265,1.0,0.6234465151056133,67.2600000000015
sweep,vantage_raw_ecn,grid 5p / TP 5p,2012-2016,7.877000000135942,-39.863071950616515,94.0047887778342,1.0,0.6449977526648197,72.18000000000171
sweep,vantage_raw_ecn,grid 5p / TP 8p,2012-2016,10.11400000012933,-36.77824616828228,93.49515181983612,1.0,0.6373008821079603,71.22000000000169
sweep,vantage_raw_ecn,grid 5p / TP 12p,2012-2016,9.551000000130458,-37.498740718363756,94.48213692642037,1.0,0.6211374539385555,68.94000000000159
sweep,vantage_raw_ecn,grid 7.5p / TP 1p,2012-2016,10.341000000078772,-36.496801415389925,89.88546445086789,1.0,0.5687987341519114,51.24000000000112
sweep,vantage_raw_ecn,grid 7.5p / TP 2p,2012-2016,8.577000000093818,-38.829710086522425,92.28712292128138,1.0,0.6219071409942415,57.000000000001315
sweep,vantage_raw_ecn,grid 7.5p / TP 3p,2012-2016,1.2453403815623183,-58.42505822627878,98.89778255382384,1.0,0.6580824326114807,60.66000000000143
sweep,vantage_raw_ecn,grid 7.5p / TP 5p,2012-2016,10.148000000123433,-36.73577180033183,92.71982170981974,1.0,0.720427084122042,68.40000000000171
sweep,vantage_raw_ecn,grid 7.5p / TP 8p,2012-2016,8.685000000130248,-38.67634014482123,93.72403268312813,1.0,0.7258148935118437,68.52000000000169
sweep,vantage_raw_ecn,grid 7.5p / TP 12p,2012-2016,1.2478716320707637,-58.408161075414455,99.1616301306254,1.0,0.8112501566929833,75.60000000000197
sweep,vantage_raw_ecn,grid 10p / TP 1p,2012-2016,10.211000000052776,-36.65736924775176,90.45865184150439,1.0,0.587271223488374,49.620000000001106
sweep,vantage_raw_ecn,grid 10p / TP 2p,2012-2016,1.2526199999995704,-58.37653755757297,98.80636923252891,1.0,0.6003559034350351,50.820000000001144
sweep,vantage_raw_ecn,grid 10p / TP 3p,2012-2016,1.184710191905051,-58.83824447346394,98.91117200163133,1.0,0.6142102704373821,51.84000000000116
sweep,vantage_raw_ecn,grid 10p / TP 5p,2012-2016,10.091000000102467,-36.80704363639027,92.28434035036463,1.0,0.842807325976107,73.14000000000196
sweep,vantage_raw_ecn,grid 10p / TP 8p,2012-2016,9.978000000088793,-36.94929427712474,92.33497598787744,1.0,0.7681476815745705,65.94000000000169
sweep,vantage_raw_ecn,grid 10p / TP 12p,2012-2016,9.104000000100864,-38.09539185414229,93.29444346230264,1.0,0.788929232078091,67.20000000000175
sweep,vantage_raw_ecn,grid 15p / TP 1p,2012-2016,10.31100000005777,-36.533711609358896,90.308549007117,1.0,0.5649502988734817,45.30000000000095
sweep,vantage_raw_ecn,grid 15p / TP 2p,2012-2016,10.253000000064436,-36.60531557442267,90.62053381739005,1.0,0.5695684212075973,46.02000000000098
sweep,vantage_raw_ecn,grid 15p / TP 3p,2012-2016,9.88500000007491,-37.06733772814545,90.79178387351674,1.0,0.5826531011542584,46.98000000000101
sweep,vantage_raw_ecn,grid 15p / TP 5p,2012-2016,9.874000000087705,-37.08135853530732,91.10318990280548,1.0,0.6403796303307041,52.080000000001206
sweep,vantage_raw_ecn,grid 15p / TP 8p,2012-2016,10.33000000009588,-36.51032519602051,91.50156059158704,1.0,0.6904092889502903,56.280000000001365
sweep,vantage_raw_ecn,grid 15p / TP 12p,2012-2016,10.352000000095714,-36.48328913660753,91.4983082026747,1.0,0.7142695876765546,57.96000000000142
robust,vantage_raw_ecn,grid 2p / TP 1p | seed 11 | slip 0.2p,2012-2016,9.63500000021313,-37.38912205960977,96.38499999980198,1.0,0.3863829019543431,74.7000000000013
robust,vantage_raw_ecn,grid 2p / TP 1p | seed 11 | slip 0.5p,2012-2016,9.768999999630472,-37.21582623951184,91.94100000036936,1.0,0.2740085918241955,61.92000000000078
robust,vantage_raw_ecn,grid 2p / TP 1p | seed 12 | slip 0.2p,2012-2016,8.482000000207492,-38.96590117133937,92.5679999997929,1.0,0.3363532433347568,70.02000000000102
robust,vantage_raw_ecn,grid 2p / TP 1p | seed 12 | slip 0.5p,2012-2016,6.294999999680961,-42.5014799753233,94.81500000031883,1.0,0.24553017076381561,55.26000000000057
robust,vantage_raw_ecn,grid 2p / TP 1p | seed 13 | slip 0.2p,2012-2016,9.194000000195889,-37.973405727174544,91.61599999980467,1.0,0.3301957468892693,65.76000000000096
robust,vantage_raw_ecn,grid 2p / TP 1p | seed 13 | slip 0.5p,2012-2016,6.614999999727416,-41.92809888540131,93.38500000027258,1.0,0.21089425325794822,47.10000000000048
robust,vantage_raw_ecn,grid 5p / TP 3p | seed 11 | slip 0.2p,2012-2016,8.89300000013414,-38.385209045025846,92.71314663047265,1.0,0.6234465151056133,67.2600000000015
robust,vantage_raw_ecn,grid 5p / TP 3p | seed 11 | slip 0.5p,2012-2016,8.763999999730132,-38.56511610795877,93.915862033805,1.0,0.42563694179432615,49.92000000000081
robust,vantage_raw_ecn,grid 5p / TP 3p | seed 12 | slip 0.2p,2012-2016,7.926000000133243,-39.788395063286174,93.23922036923122,1.0,0.6488461879432494,70.56000000000165
robust,vantage_raw_ecn,grid 5p / TP 3p | seed 12 | slip 0.5p,2012-2016,10.06399999969018,-36.84091642925741,93.3407665270454,1.0,0.5056843955856641,58.26000000000112
robust,vantage_raw_ecn,grid 5p / TP 3p | seed 13 | slip 0.2p,2012-2016,10.257000000129196,-36.60036698224602,91.89106200038623,1.0,0.6311433856624727,67.50000000000152
robust,vantage_raw_ecn,grid 5p / TP 3p | seed 13 | slip 0.5p,2012-2016,7.433999999746149,-40.5556476943223,93.6727068458453,1.0,0.43333381235118557,50.22000000000083
tpe_best,vantage_raw_ecn,TPE in-sample best (late-NY stretch),2012-2016,85.50700000003728,-3.0847172918506915,18.446703799753045,0.0,0.22397893320460924,18.89999999999996
sweep,vantage_raw_ecn,grid 2p / TP 1p,2017-2020.05,9.980000000090438,-49.630838339964775,92.01947922869289,1.0,0.35709185630599083,38.94000000000029
sweep,vantage_raw_ecn,grid 2p / TP 2p,2017-2020.05,9.073000000086212,-51.03890579843653,91.00971066182507,1.0,0.2895648706583836,33.84000000000013
sweep,vantage_raw_ecn,grid 2p / TP 3p,2017-2020.05,2.2036194680173047,-67.86662732786326,97.81549495116003,1.0,0.26438531668808934,30.48000000000001
sweep,vantage_raw_ecn,grid 2p / TP 5p,2017-2020.05,8.140000000080788,-52.5946483922009,91.89243027880407,1.0,0.25408459006387807,29.880000000000063
sweep,vantage_raw_ecn,grid 2p / TP 8p,2017-2020.05,10.299000000087998,-49.15702411167715,89.7420318724224,1.0,0.2517955397029422,29.880000000000027
sweep,vantage_raw_ecn,grid 2p / TP 12p,2017-2020.05,8.609000000088113,-51.79779510210307,92.05278884453362,1.0,0.25408459006387807,30.120000000000037
sweep,vantage_raw_ecn,grid 3p / TP 1p,2017-2020.05,10.102000000078457,-49.44839122727856,90.7510078135888,1.0,0.5482275614441333,48.24000000000057
sweep,vantage_raw_ecn,grid 3p / TP 2p,2017-2020.05,8.662000000073181,-51.709679665002206,92.18443232516304,1.0,0.3914276117200284,37.32000000000019
sweep,vantage_raw_ecn,grid 3p / TP 3p,2017-2020.05,10.226000000050242,-49.26453231837677,89.88175926379036,1.0,0.30101012246306275,27.299999999999947
sweep,vantage_raw_ecn,grid 3p / TP 5p,2017-2020.05,9.71600000005423,-50.031072473815556,90.3611111110574,1.0,0.2884203454779157,26.27999999999994
sweep,vantage_raw_ecn,grid 3p / TP 8p,2017-2020.05,10.24600000006861,-49.23502454173902,90.13293650786905,1.0,0.2964320217411911,29.879999999999956
sweep,vantage_raw_ecn,grid 3p / TP 12p,2017-2020.05,9.596000000062695,-50.21552538085287,90.4999999999382,1.0,0.2792641440341723,26.93999999999994
sweep,vantage_raw_ecn,grid 5p / TP 1p,2017-2020.05,10.259000000055753,-49.21586617644951,89.93528474705771,1.0,0.6832815327393478,46.98000000000066
sweep,vantage_raw_ecn,grid 5p / TP 2p,2017-2020.05,10.095000000074247,-49.458817523955275,89.99450521996675,1.0,0.6867151082807516,50.220000000000766
sweep,vantage_raw_ecn,grid 5p / TP 3p,2017-2020.05,9.60900000005444,-50.19546499813422,91.61887694140849,1.0,0.5596728132488126,41.76000000000047
sweep,vantage_raw_ecn,grid 5p / TP 5p,2017-2020.05,7.960000000050753,-52.909044138030566,92.65175718844823,1.0,0.4852786765183978,38.1600000000003
sweep,vantage_raw_ecn,grid 5p / TP 8p,2017-2020.05,10.32000000007031,-49.12619626897452,89.69648562293294,1.0,0.5253370578347749,39.42000000000043
sweep,vantage_raw_ecn,grid 5p / TP 12p,2017-2020.05,10.324000000063632,-49.12032929593552,89.69249201271596,1.0,0.5253370578347749,37.800000000000395
sweep,vantage_raw_ecn,grid 7.5p / TP 1p,2017-2020.05,9.87900000005023,-49.7830696715002,90.46006294015744,1.0,0.7199063385143212,42.300000000000686
sweep,vantage_raw_ecn,grid 7.5p / TP 2p,2017-2020.05,10.216000000067961,-49.279301410326816,89.79369598874274,1.0,0.7450858924846154,44.880000000000784
sweep,vantage_raw_ecn,grid 7.5p / TP 3p,2017-2020.05,10.14600000006724,-49.382970439133224,89.98399999993258,1.0,0.7290625399580646,44.58000000000074
sweep,vantage_raw_ecn,grid 7.5p / TP 5p,2017-2020.05,10.16900000006704,-49.34885249366749,89.83099999993296,1.0,0.623766223355016,38.64000000000051
sweep,vantage_raw_ecn,grid 7.5p / TP 8p,2017-2020.05,10.306000000064927,-49.146743262227666,89.69399999993507,1.0,0.6855705831002836,41.28000000000066
sweep,vantage_raw_ecn,grid 7.5p / TP 12p,2017-2020.05,10.156000000070817,-49.36812988146519,89.84399999992918,1.0,0.7290625399580646,42.54000000000075
sweep,vantage_raw_ecn,grid 10p / TP 1p,2017-2020.05,10.301000000040649,-49.15408622546199,89.70877666213035,1.0,0.778277122718185,42.96000000000079
sweep,vantage_raw_ecn,grid 10p / TP 2p,2017-2020.05,9.45100000005061,-50.44058052638677,90.5579699285173,1.0,0.7691209212744418,43.20000000000078
sweep,vantage_raw_ecn,grid 10p / TP 3p,2017-2020.05,10.255000000053013,-49.221759240911844,89.74499999994698,1.0,0.7702654464549097,42.78000000000078
sweep,vantage_raw_ecn,grid 10p / TP 5p,2017-2020.05,10.245000000051295,-49.23649896924343,89.75499999994871,1.0,0.7416523169432117,41.520000000000756
sweep,vantage_raw_ecn,grid 10p / TP 8p,2017-2020.05,10.338000000059406,-49.09980745571987,89.66199999994059,1.0,0.751953043567423,41.58000000000078
sweep,vantage_raw_ecn,grid 10p / TP 12p,2017-2020.05,10.386000000066659,-49.029594716526915,89.61399999993334,1.0,0.7611092450111663,41.5800000000008
sweep,vantage_raw_ecn,grid 15p / TP 1p,2017-2020.05,10.293000000050688,-49.16584017575484,89.7707178180234,1.0,0.8149019284931586,43.32000000000087
sweep,vantage_raw_ecn,grid 15p / TP 2p,2017-2020.05,10.286000000051228,-49.17613014735177,89.89360107892374,1.0,0.7908668997033322,42.180000000000824
sweep,vantage_raw_ecn,grid 15p / TP 3p,2017-2020.05,10.356000000054852,-49.07345089690196,89.64399999994515,1.0,0.7897223745228643,41.940000000000815
sweep,vantage_raw_ecn,grid 15p / TP 5p,2017-2020.05,10.342000000057434,-49.09394765859465,89.65799999994256,1.0,0.7748435471767814,41.160000000000785
sweep,vantage_raw_ecn,grid 15p / TP 8p,2017-2020.05,10.214000000075565,-49.28225644716585,89.78599999992443,1.0,0.8183355040345622,43.38000000000088
sweep,vantage_raw_ecn,grid 15p / TP 12p,2017-2020.05,10.264000000075525,-49.20850211505506,89.75599999992451,1.0,0.8274917054783056,43.7400000000009
robust,vantage_raw_ecn,grid 2p / TP 1p | seed 11 | slip 0.2p,2017-2020.05,9.980000000090438,-49.630838339964775,92.01947922869289,1.0,0.35709185630599083,38.94000000000029
robust,vantage_raw_ecn,grid 2p / TP 1p | seed 11 | slip 0.5p,2017-2020.05,8.889999999823113,-51.334878101593475,91.61942321930015,1.0,0.2815531943951081,31.380000000000162
robust,vantage_raw_ecn,grid 2p / TP 1p | seed 12 | slip 0.2p,2017-2020.05,4.210000000088828,-61.04002975308388,95.83003169563312,1.0,0.34908018004271535,36.48000000000029
robust,vantage_raw_ecn,grid 2p / TP 1p | seed 12 | slip 0.5p,2017-2020.05,6.509999999825583,-55.6442908169239,94.35634787764428,1.0,0.2815531943951081,31.620000000000164
robust,vantage_raw_ecn,grid 2p / TP 1p | seed 13 | slip 0.2p,2017-2020.05,5.515000000082189,-57.78046357228862,94.66593756205765,1.0,0.34221302895990785,34.980000000000246
robust,vantage_raw_ecn,grid 2p / TP 1p | seed 13 | slip 0.5p,2017-2020.05,9.782999999818268,-49.92878156519242,90.87471616169414,1.0,0.29414297138025525,33.060000000000194
robust,vantage_raw_ecn,grid 5p / TP 3p | seed 11 | slip 0.2p,2017-2020.05,9.60900000005444,-50.19546499813422,91.61887694140849,1.0,0.5596728132488126,41.76000000000047
robust,vantage_raw_ecn,grid 5p / TP 3p | seed 11 | slip 0.5p,2017-2020.05,10.013999999858921,-49.57983567741062,90.00299490879591,1.0,0.3456466045013116,25.55999999999998
robust,vantage_raw_ecn,grid 5p / TP 3p | seed 12 | slip 0.2p,2017-2020.05,7.9380000000442115,-52.947811641978824,92.27598566303871,1.0,0.49100130242073736,35.28000000000024
robust,vantage_raw_ecn,grid 5p / TP 3p | seed 12 | slip 0.5p,2017-2020.05,10.33399999986368,-49.10566884594522,89.793351302921,1.0,0.3445020793208437,25.139999999999986
robust,vantage_raw_ecn,grid 5p / TP 3p | seed 13 | slip 0.2p,2017-2020.05,10.05800000004492,-49.51401247491013,91.58900836315877,1.0,0.5070246549472882,36.8400000000003
robust,vantage_raw_ecn,grid 5p / TP 3p | seed 13 | slip 0.5p,2017-2020.05,10.33399999986368,-49.10566884594522,89.793351302921,1.0,0.3445020793208437,25.139999999999986
tpe_best,vantage_raw_ecn,TPE in-sample best (late-NY stretch),2017-2020.05,84.87000000001075,-4.764487882836244,16.44104008111643,0.0,0.1064408417835165,5.880000000000004
sweep,vantage_raw_ecn_bestcase,grid 2p / TP 1p,2012-2016,4.685720689247127,-45.800212015715935,95.31427931075288,1.0,0.30941419638574885,65.10000000000088
sweep,vantage_raw_ecn_bestcase,grid 2p / TP 2p,2012-2016,8.149300000409967,-39.45268589544349,97.2458859441036,1.0,0.41794007123746674,95.52000000000174
sweep,vantage_raw_ecn_bestcase,grid 2p / TP 3p,2012-2016,10.135000000387404,-36.751998539322564,90.63396981025535,1.0,0.3671407255621945,90.18000000000147
sweep,vantage_raw_ecn_bestcase,grid 2p / TP 5p,2012-2016,9.931450000521473,-37.00826894445588,92.71369936292137,1.0,0.48952096741625933,113.16000000000224
sweep,vantage_raw_ecn_bestcase,grid 2p / TP 8p,2012-2016,5.357850000333752,-44.326653848190254,95.35477410432394,1.0,0.28401452354811274,66.60000000000085
sweep,vantage_raw_ecn_bestcase,grid 2p / TP 12p,2012-2016,9.389350000396767,-37.71187974940625,93.17263229571068,1.0,0.36791041261788043,83.76000000000138
sweep,vantage_raw_ecn_bestcase,grid 3p / TP 1p,2012-2016,10.080550000219917,-36.820145052174624,90.01241444611901,1.0,0.521078136699383,76.62000000000155
sweep,vantage_raw_ecn_bestcase,grid 3p / TP 2p,2012-2016,9.75695000027765,-37.2313318539955,93.68656220367411,1.0,0.534162816646044,79.2000000000016
sweep,vantage_raw_ecn_bestcase,grid 3p / TP 3p,2012-2016,10.345850000356087,-36.49084231215212,91.61529043752131,1.0,0.5988165293236631,90.54000000000192
sweep,vantage_raw_ecn_bestcase,grid 3p / TP 5p,2012-2016,8.978050000378934,-38.2677345146593,94.26490984980927,1.0,0.5957377811009195,92.52000000000201
sweep,vantage_raw_ecn_bestcase,grid 3p / TP 8p,2012-2016,9.572500000342142,-37.47061035929969,93.59155567888395,1.0,0.49644815091743283,77.76000000000144
sweep,vantage_raw_ecn_bestcase,grid 3p / TP 12p,2012-2016,10.094050000352825,-36.80322182385014,93.01210604717568,1.0,0.5695684212075973,85.08000000000176
sweep,vantage_raw_ecn_bestcase,grid 5p / TP 1p,2012-2016,1.2453403815624071,-58.425058226278196,98.79222797127731,1.0,0.6242162021612992,63.960000000001415
sweep,vantage_raw_ecn_bestcase,grid 5p / TP 2p,2012-2016,6.254650000217506,-42.575424871056775,95.46800299969955,1.0,0.7250452064561578,76.68000000000185
sweep,vantage_raw_ecn_bestcase,grid 5p / TP 3p,2012-2016,9.616600000229731,-37.4130681921542,92.35258869594493,1.0,0.6573127455557948,71.82000000000166
sweep,vantage_raw_ecn_bestcase,grid 5p / TP 5p,2012-2016,7.923550000247532,-39.79212012461066,93.98666073518666,1.0,0.6780942960593153,78.00000000000192
sweep,vantage_raw_ecn_bestcase,grid 5p / TP 8p,2012-2016,1.3452597271127917,-57.77795735214946,99.04947147950159,1.0,0.6165193316044398,68.10000000000157
sweep,vantage_raw_ecn_bestcase,grid 5p / TP 12p,2012-2016,2.738922198621612,-51.3222403205871,98.14860568701673,1.0,0.6496158749989354,75.36000000000178
sweep,vantage_raw_ecn_bestcase,grid 7.5p / TP 1p,2012-2016,9.796400000138707,-37.180625519141884,91.03356055005463,1.0,0.6065133998805226,54.54000000000123
sweep,vantage_raw_ecn_bestcase,grid 7.5p / TP 2p,2012-2016,10.237650000217917,-36.624320141783286,91.79982341219332,1.0,0.802783599080438,74.52000000000199
sweep,vantage_raw_ecn_bestcase,grid 7.5p / TP 3p,2012-2016,8.374250000227542,-39.121855289685456,92.66424480685885,1.0,0.7904686061894628,73.0800000000019
sweep,vantage_raw_ecn_bestcase,grid 7.5p / TP 5p,2012-2016,8.680000000232997,-38.683406830716294,97.37008785276062,1.0,0.748135818126736,71.1000000000018
sweep,vantage_raw_ecn_bestcase,grid 7.5p / TP 8p,2012-2016,9.228250000256104,-37.92723407040174,94.98607843068399,1.0,0.7766142391871159,73.20000000000188
sweep,vantage_raw_ecn_bestcase,grid 7.5p / TP 12p,2012-2016,9.93380000028592,-37.005286412285564,93.56204661777856,1.0,0.8782129305376603,81.36000000000219
sweep,vantage_raw_ecn_bestcase,grid 10p / TP 1p,2012-2016,5.5470000001200255,-43.938768309636245,94.54713493518624,1.0,0.6834821054491168,58.800000000001454
sweep,vantage_raw_ecn_bestcase,grid 10p / TP 2p,2012-2016,8.552900000146384,-38.864144944603574,91.9575451003236,1.0,0.6465371267761916,54.600000000001295
sweep,vantage_raw_ecn_bestcase,grid 10p / TP 3p,2012-2016,9.573850000164917,-37.46884572156246,92.04873682723645,1.0,0.6850214795604888,58.020000000001396
sweep,vantage_raw_ecn_bestcase,grid 10p / TP 5p,2012-2016,10.305500000175208,-36.54048779341645,91.34588248315453,1.0,0.761220498073397,64.80000000000165
sweep,vantage_raw_ecn_bestcase,grid 10p / TP 8p,2012-2016,9.217750000193126,-37.94137429466691,92.83420239050227,1.0,0.7719961168530002,66.00000000000169
sweep,vantage_raw_ecn_bestcase,grid 10p / TP 12p,2012-2016,1.2492505160871872,-58.398967982791405,99.07890177850061,1.0,0.8420376389204209,71.76000000000192
sweep,vantage_raw_ecn_bestcase,grid 15p / TP 1p,2012-2016,10.272900000110027,-36.58071157894794,89.99996036791404,1.0,0.5811137270428866,46.620000000001
sweep,vantage_raw_ecn_bestcase,grid 15p / TP 2p,2012-2016,1.2444000000005566,-58.43134266379912,98.79927516514265,1.0,0.6249858892169852,50.64000000000115
sweep,vantage_raw_ecn_bestcase,grid 15p / TP 3p,2012-2016,6.5161500001597314,-42.102806398800205,94.10825051487099,1.0,0.6257555762726712,50.58000000000115
sweep,vantage_raw_ecn_bestcase,grid 15p / TP 5p,2012-2016,9.90985000017374,-37.03570933354109,91.07617356455758,1.0,0.6834821054491168,55.44000000000133
sweep,vantage_raw_ecn_bestcase,grid 15p / TP 8p,2012-2016,9.681000000194825,-37.32941636365115,91.94411329268394,1.0,0.7496751922381079,61.260000000001554
sweep,vantage_raw_ecn_bestcase,grid 15p / TP 12p,2012-2016,9.464750000206305,-37.612100962547665,94.05927873120733,1.0,0.787389857966719,63.90000000000165
robust,vantage_raw_ecn_bestcase,grid 2p / TP 1p | seed 11 | slip 0.2p,2012-2016,4.685720689247127,-45.800212015715935,95.31427931075288,1.0,0.30941419638574885,65.10000000000088
robust,vantage_raw_ecn_bestcase,grid 2p / TP 1p | seed 11 | slip 0.5p,2012-2016,5.4272999996871185,-44.18298034208449,95.41270000031305,1.0,0.28709327177085653,65.34000000000084
robust,vantage_raw_ecn_bestcase,grid 2p / TP 1p | seed 12 | slip 0.2p,2012-2016,4.686048324469578,-45.799453635209694,95.31395167553042,1.0,0.31095357049712075,66.18000000000085
robust,vantage_raw_ecn_bestcase,grid 2p / TP 1p | seed 12 | slip 0.5p,2012-2016,9.097149999753537,-38.104715796548426,93.12285000024515,1.0,0.24629985781950156,55.20000000000057
robust,vantage_raw_ecn_bestcase,grid 2p / TP 1p | seed 13 | slip 0.2p,2012-2016,8.085450000301716,-39.547919051317926,92.36454999969884,1.0,0.3455894880029881,69.06000000000105
robust,vantage_raw_ecn_bestcase,grid 2p / TP 1p | seed 13 | slip 0.5p,2012-2016,8.968949999775639,-38.28026117408916,91.06105000022399,1.0,0.23475455198421244,52.50000000000055
robust,vantage_raw_ecn_bestcase,grid 5p / TP 3p | seed 11 | slip 0.2p,2012-2016,9.616600000229731,-37.4130681921542,92.35258869594493,1.0,0.6573127455557948,71.82000000000166
robust,vantage_raw_ecn_bestcase,grid 5p / TP 3p | seed 11 | slip 0.5p,2012-2016,10.142499999769123,-36.74263492932671,91.38118759370633,1.0,0.467969729857053,53.640000000000946
robust,vantage_raw_ecn_bestcase,grid 5p / TP 3p | seed 12 | slip 0.2p,2012-2016,8.930300000231412,-38.33357861387228,93.4023256751158,1.0,0.6703974255024558,74.04000000000177
robust,vantage_raw_ecn_bestcase,grid 5p / TP 3p | seed 12 | slip 0.5p,2012-2016,10.14259999975993,-36.742510118614966,91.42325126189273,1.0,0.49490877680606093,56.10000000000104
robust,vantage_raw_ecn_bestcase,grid 5p / TP 3p | seed 13 | slip 0.2p,2012-2016,2.3817043535798987,-52.66471317480712,97.9760861692851,1.0,0.7058030300640091,78.48000000000192
robust,vantage_raw_ecn_bestcase,grid 5p / TP 3p | seed 13 | slip 0.5p,2012-2016,7.142799999778811,-41.02910389089007,94.85855470860565,1.0,0.4772059745252843,54.54000000000098
tpe_best,vantage_raw_ecn_bestcase,TPE in-sample best (late-NY stretch),2012-2016,85.08230000004565,-3.1812389578658284,18.960516703185043,0.0,0.22628799437166705,19.079999999999966
sweep,vantage_raw_ecn_bestcase,grid 2p / TP 1p,2017-2020.05,9.342650000155842,-50.61033945550201,92.41568107221138,1.0,0.38227141027628503,42.24000000000037
sweep,vantage_raw_ecn_bestcase,grid 2p / TP 2p,2017-2020.05,8.12355000013981,-52.623176702943105,91.95401331153707,1.0,0.2952874965607232,33.96000000000011
sweep,vantage_raw_ecn_bestcase,grid 2p / TP 3p,2017-2020.05,4.686950000142183,-59.775733709680104,95.89015165578665,1.0,0.2678188922294931,31.74000000000002
sweep,vantage_raw_ecn_bestcase,grid 2p / TP 5p,2017-2020.05,10.289500000140839,-49.17098454677248,89.7557794546697,1.0,0.25294006488341014,30.36000000000006
sweep,vantage_raw_ecn_bestcase,grid 2p / TP 8p,2017-2020.05,10.215350000148764,-49.28026175260766,90.45683080768157,1.0,0.25408459006387807,30.660000000000032
sweep,vantage_raw_ecn_bestcase,grid 2p / TP 12p,2017-2020.05,8.556850000150348,-51.88487008012481,92.73526014998626,1.0,0.25408459006387807,30.840000000000035
sweep,vantage_raw_ecn_bestcase,grid 3p / TP 1p,2017-2020.05,10.04520000015043,-49.53314014615986,90.02596781768219,1.0,0.5928640434823822,52.980000000000715
sweep,vantage_raw_ecn_bestcase,grid 3p / TP 2p,2017-2020.05,8.886550000121364,-51.340498835349926,91.96125679878145,1.0,0.3982947628028359,38.52000000000019
sweep,vantage_raw_ecn_bestcase,grid 3p / TP 3p,2017-2020.05,10.28140000010161,-49.18289480716956,89.82973556451712,1.0,0.3250451512528891,31.19999999999997
sweep,vantage_raw_ecn_bestcase,grid 3p / TP 5p,2017-2020.05,8.129400000101352,-52.61302673121278,92.32522163374337,1.0,0.2929984461997873,27.779999999999948
sweep,vantage_raw_ecn_bestcase,grid 3p / TP 8p,2017-2020.05,9.803400000115523,-49.89773402645204,90.27845540537133,1.0,0.2918539210193194,29.579999999999945
sweep,vantage_raw_ecn_bestcase,grid 3p / TP 12p,2017-2020.05,9.045900000111736,-51.08246945404562,91.02963051098584,1.0,0.2861312951169798,28.559999999999942
sweep,vantage_raw_ecn_bestcase,grid 5p / TP 1p,2017-2020.05,8.828650000118547,-51.43505896816634,93.2407527255256,1.0,0.7553866191088268,52.08000000000085
sweep,vantage_raw_ecn_bestcase,grid 5p / TP 2p,2017-2020.05,10.384950000128923,-49.03112817903662,89.62550230629746,1.0,0.7199063385143212,52.020000000000834
sweep,vantage_raw_ecn_bestcase,grid 5p / TP 3p,2017-2020.05,9.996200000110727,-49.60652187377788,90.647988255383,1.0,0.5333487340980504,40.620000000000395
sweep,vantage_raw_ecn_bestcase,grid 5p / TP 5p,2017-2020.05,10.323600000137919,-49.12091592127206,89.69937040386152,1.0,0.6111764463698689,46.4400000000006
sweep,vantage_raw_ecn_bestcase,grid 5p / TP 8p,2017-2020.05,9.894800000113367,-49.75918335572367,90.12721630752092,1.0,0.4921458276012053,37.92000000000036
sweep,vantage_raw_ecn_bestcase,grid 5p / TP 12p,2017-2020.05,10.171300000123546,-49.34544368133504,89.85133153056334,1.0,0.5688290146925559,40.32000000000049
sweep,vantage_raw_ecn_bestcase,grid 7.5p / TP 1p,2017-2020.05,10.183850000108878,-49.32685295458562,89.82543429110052,1.0,0.7988785759666076,47.28000000000088
sweep,vantage_raw_ecn_bestcase,grid 7.5p / TP 2p,2017-2020.05,9.781250000123434,-49.93144707365469,90.22859469072564,1.0,0.7954450004252039,47.760000000000886
sweep,vantage_raw_ecn_bestcase,grid 7.5p / TP 3p,2017-2020.05,10.331850000137571,-49.108820001156815,89.69814999986264,1.0,0.7828552234400568,47.400000000000844
sweep,vantage_raw_ecn_bestcase,grid 7.5p / TP 5p,2017-2020.05,9.035600000124543,-51.099050900760766,91.3543999998751,1.0,0.6581019787690536,40.74000000000059
sweep,vantage_raw_ecn_bestcase,grid 7.5p / TP 8p,2017-2020.05,10.171300000145719,-49.34544368130218,89.82869999985428,1.0,0.7405077917627437,44.16000000000077
sweep,vantage_raw_ecn_bestcase,grid 7.5p / TP 12p,2017-2020.05,10.322000000158516,-49.12326258269376,89.67799999984149,1.0,0.7862887989814605,45.540000000000866
sweep,vantage_raw_ecn_bestcase,grid 10p / TP 1p,2017-2020.05,10.294150000093524,-49.164150150506394,90.05492488095308,1.0,0.8103238277712869,44.760000000000865
sweep,vantage_raw_ecn_bestcase,grid 10p / TP 2p,2017-2020.05,9.399250000103486,-50.521489089771876,90.93987807273776,1.0,0.808034777410351,45.240000000000855
sweep,vantage_raw_ecn_bestcase,grid 10p / TP 3p,2017-2020.05,10.259300000125473,-49.21542426157997,89.74069999987452,1.0,0.8229136047564339,45.54000000000089
sweep,vantage_raw_ecn_bestcase,grid 10p / TP 5p,2017-2020.05,10.263600000138153,-49.20909114713081,89.73639999986185,1.0,0.7965895256056718,44.46000000000087
sweep,vantage_raw_ecn_bestcase,grid 10p / TP 8p,2017-2020.05,10.324700000146276,-49.11930273969961,89.67529999985372,1.0,0.8160464536736265,44.94000000000091
sweep,vantage_raw_ecn_bestcase,grid 10p / TP 12p,2017-2020.05,10.079100000145473,-49.48251899411385,89.92089999985453,1.0,0.8206245543954981,44.820000000000924
sweep,vantage_raw_ecn_bestcase,grid 15p / TP 1p,2017-2020.05,10.376450000107774,-49.04354593502591,89.65299164501647,1.0,0.8801398637798299,46.740000000001
sweep,vantage_raw_ecn_bestcase,grid 15p / TP 2p,2017-2020.05,10.367350000105494,-49.05684816052004,89.75607075860566,1.0,0.8389369572829848,44.70000000000092
sweep,vantage_raw_ecn_bestcase,grid 15p / TP 3p,2017-2020.05,10.188000000131707,-49.320708964092255,89.81199999986829,1.0,0.8492376839071961,45.06000000000093
sweep,vantage_raw_ecn_bestcase,grid 15p / TP 5p,2017-2020.05,10.371900000137842,-49.05019602298094,89.62809999986216,1.0,0.8240581299369019,43.800000000000885
sweep,vantage_raw_ecn_bestcase,grid 15p / TP 8p,2017-2020.05,10.233200000153614,-49.25390485253208,89.76679999984638,1.0,0.8664055616142149,46.02000000000098
sweep,vantage_raw_ecn_bestcase,grid 15p / TP 12p,2017-2020.05,10.260100000152981,-49.21424586653582,89.73989999984701,1.0,0.8847179645017016,46.860000000001016
robust,vantage_raw_ecn_bestcase,grid 2p / TP 1p | seed 11 | slip 0.2p,2017-2020.05,9.342650000155842,-50.61033945550201,92.41568107221138,1.0,0.38227141027628503,42.24000000000037
robust,vantage_raw_ecn_bestcase,grid 2p / TP 1p | seed 11 | slip 0.5p,2017-2020.05,7.4817999998762765,-53.76928377124308,92.61273847943244,1.0,0.2895648706583836,32.22000000000016
robust,vantage_raw_ecn_bestcase,grid 2p / TP 1p | seed 12 | slip 0.2p,2017-2020.05,9.629400000156053,-50.1640240225266,92.15648599781491,1.0,0.3891385613590925,42.660000000000394
robust,vantage_raw_ecn_bestcase,grid 2p / TP 1p | seed 12 | slip 0.5p,2017-2020.05,7.654949999879341,-53.453458151343,93.21786353760622,1.0,0.2918539210193194,32.280000000000165
robust,vantage_raw_ecn_bestcase,grid 2p / TP 1p | seed 13 | slip 0.2p,2017-2020.05,8.70795000015665,-51.63359122749578,93.04496258072021,1.0,0.3776933095544134,41.40000000000033
robust,vantage_raw_ecn_bestcase,grid 2p / TP 1p | seed 13 | slip 0.5p,2017-2020.05,9.565599999869717,-50.26251044099696,90.57365138062703,1.0,0.3158889498091457,34.92000000000024
robust,vantage_raw_ecn_bestcase,grid 5p / TP 3p | seed 11 | slip 0.2p,2017-2020.05,9.996200000110727,-49.60652187377788,90.647988255383,1.0,0.5333487340980504,40.620000000000395
robust,vantage_raw_ecn_bestcase,grid 5p / TP 3p | seed 11 | slip 0.5p,2017-2020.05,10.15509999989071,-49.369465111490975,89.86542251950709,1.0,0.3559473311255229,26.100000000000005
robust,vantage_raw_ecn_bestcase,grid 5p / TP 3p | seed 12 | slip 0.2p,2017-2020.05,10.159200000099762,-49.36338307085053,89.94829430928955,1.0,0.5093137053082241,37.140000000000306
robust,vantage_raw_ecn_bestcase,grid 5p / TP 3p | seed 12 | slip 0.5p,2017-2020.05,10.24609999989217,-49.234877104810806,89.77460642210288,1.0,0.3628144822083304,26.46000000000001
robust,vantage_raw_ecn_bestcase,grid 5p / TP 3p | seed 13 | slip 0.2p,2017-2020.05,10.037350000110628,-49.54487925926614,90.42787827503929,1.0,0.5631063887902162,42.660000000000466
robust,vantage_raw_ecn_bestcase,grid 5p / TP 3p | seed 13 | slip 0.5p,2017-2020.05,10.24609999989217,-49.234877104810806,89.77460642210288,1.0,0.3628144822083304,26.46000000000001
tpe_best,vantage_raw_ecn_bestcase,TPE in-sample best (late-NY stretch),2017-2020.05,85.48225000001943,-4.560560771116407,17.282819896482703,0.0,0.12360871949053528,6.840000000000012
sweep,vantage_standard_stp,grid 2p / TP 1p,2012-2016,8.127000000127753,-39.48587861169774,93.8029999998739,1.0,0.20319738270108878,0.0
sweep,vantage_standard_stp,grid 2p / TP 2p,2012-2016,8.755000000146032,-38.57774662519004,92.54347566542216,1.0,0.20550644386814662,0.0
sweep,vantage_standard_stp,grid 2p / TP 3p,2012-2016,9.236000000165156,-37.91680549093617,95.90766766168734,1.0,0.21551237559206388,0.0
sweep,vantage_standard_stp,grid 2p / TP 5p,2012-2016,4.540000000167447,-46.14179796925624,95.75503845763264,1.0,0.20319738270108878,0.0
sweep,vantage_standard_stp,grid 2p / TP 8p,2012-2016,9.810000000158862,-37.16318286614704,95.4664949834956,1.0,0.19857926036697313,0.0
sweep,vantage_standard_stp,grid 2p / TP 12p,2012-2016,7.992000000178473,-39.688391365662554,95.80210857376174,1.0,0.20935487914657633,0.0
sweep,vantage_standard_stp,grid 3p / TP 1p,2012-2016,9.667000000117062,-37.34756359663213,90.98440359964593,1.0,0.2547664154320469,0.0
sweep,vantage_standard_stp,grid 3p / TP 2p,2012-2016,10.307000000153142,-36.53863945638234,92.99041634474595,1.0,0.27708734004693925,0.0
sweep,vantage_standard_stp,grid 3p / TP 3p,2012-2016,7.967000000178888,-39.726193558078826,94.71221147884195,1.0,0.3194201281096661,0.0
sweep,vantage_standard_stp,grid 3p / TP 5p,2012-2016,9.893000000160832,-37.05714861397962,93.28267525158729,1.0,0.28555389765948463,0.0
sweep,vantage_standard_stp,grid 3p / TP 8p,2012-2016,8.85300000016724,-38.440769637839345,93.32405791620334,1.0,0.30017795171751754,0.0
sweep,vantage_standard_stp,grid 3p / TP 12p,2012-2016,10.047000000166108,-36.86228105202195,93.44680415674256,1.0,0.30479607405163317,0.0
sweep,vantage_standard_stp,grid 5p / TP 1p,2012-2016,7.690000000078978,-40.15152337454021,93.33452415640048,1.0,0.33866230450181467,0.0
sweep,vantage_standard_stp,grid 5p / TP 2p,2012-2016,1.337365559464729,-57.82765646360723,98.8141504389507,1.0,0.3555954197269054,0.0
sweep,vantage_standard_stp,grid 5p / TP 3p,2012-2016,4.126000000106849,-47.162580549952814,96.84586973081323,1.0,0.3902313372327728,0.0
sweep,vantage_standard_stp,grid 5p / TP 5p,2012-2016,4.116000000110587,-47.188232553066314,97.02095774383744,1.0,0.38946165017708684,0.0
sweep,vantage_standard_stp,grid 5p / TP 8p,2012-2016,7.685000000123766,-40.159312653451295,96.20214879319558,1.0,0.4687394169127389,0.0
sweep,vantage_standard_stp,grid 5p / TP 12p,2012-2016,1.3373655594648781,-57.82765646360628,99.08069045577271,1.0,0.40793413951354945,0.0
sweep,vantage_standard_stp,grid 7.5p / TP 1p,2012-2016,10.162000000079061,-36.71831543467764,90.4407626786488,1.0,0.3717588478963102,0.0
sweep,vantage_standard_stp,grid 7.5p / TP 2p,2012-2016,3.85000000009472,-47.88960888556058,97.15880724359471,1.0,0.40023726895669004,0.0
sweep,vantage_standard_stp,grid 7.5p / TP 3p,2012-2016,1.335340381562828,-57.84044413576043,98.83896569817094,1.0,0.43333381235118557,0.0
sweep,vantage_standard_stp,grid 7.5p / TP 5p,2012-2016,7.19800000009083,-40.93818425743427,94.51349161129838,1.0,0.42024913240452455,0.0
sweep,vantage_standard_stp,grid 7.5p / TP 8p,2012-2016,10.33900000010397,-36.49925942841051,92.41525019616378,1.0,0.4864422191935156,0.0
sweep,vantage_standard_stp,grid 7.5p / TP 12p,2012-2016,3.3260000001111525,-49.39317420192262,97.90692259065872,1.0,0.5295446943119284,0.0
sweep,vantage_standard_stp,grid 10p / TP 1p,2012-2016,8.360000000051627,-39.14260029979151,92.04233710133715,1.0,0.3725285349519961,0.0
sweep,vantage_standard_stp,grid 10p / TP 2p,2012-2016,8.320000000063638,-39.20098341896298,92.79571302761632,1.0,0.40408570423511975,0.0
sweep,vantage_standard_stp,grid 10p / TP 3p,2012-2016,1.3353403815627622,-57.84044413576084,98.79121899016678,1.0,0.41178257479197916,0.0
sweep,vantage_standard_stp,grid 10p / TP 5p,2012-2016,8.77500000007057,-38.54969288968787,92.77439639512542,1.0,0.41024320068060727,0.0
sweep,vantage_standard_stp,grid 10p / TP 8p,2012-2016,10.102000000084853,-36.79326439124154,95.61775822535184,1.0,0.4995268991401766,0.0
sweep,vantage_standard_stp,grid 10p / TP 12p,2012-2016,9.641000000077685,-37.381321447018166,93.08316814360003,1.0,0.4879815933048875,0.0
sweep,vantage_standard_stp,grid 15p / TP 1p,2012-2016,8.005000000060457,-39.6687715931441,95.21650574796804,1.0,0.3648316643951367,0.0
sweep,vantage_standard_stp,grid 15p / TP 2p,2012-2016,10.095000000067307,-36.802031612340535,90.43004993011048,1.0,0.3663710385065086,0.0
sweep,vantage_standard_stp,grid 15p / TP 3p,2012-2016,10.00300000006776,-36.91771230546653,91.6848994856787,1.0,0.3848435278429712,0.0
sweep,vantage_standard_stp,grid 15p / TP 5p,2012-2016,7.675000000071303,-40.17490338043979,95.932164035087,1.0,0.3863829019543431,0.0
sweep,vantage_standard_stp,grid 15p / TP 8p,2012-2016,7.979000000078791,-39.708036682589345,95.88610810071924,1.0,0.43256412529549965,0.0
sweep,vantage_standard_stp,grid 15p / TP 12p,2012-2016,10.262000000085859,-36.59418341246159,94.05294252041323,1.0,0.4587334851888217,0.0
robust,vantage_standard_stp,grid 2p / TP 1p | seed 11 | slip 0.2p,2012-2016,8.127000000127753,-39.48587861169774,93.8029999998739,1.0,0.20319738270108878,0.0
robust,vantage_standard_stp,grid 2p / TP 1p | seed 11 | slip 0.5p,2012-2016,7.57299999982094,-40.33486413535805,93.17700000017842,1.0,0.11545305835289135,0.0
robust,vantage_standard_stp,grid 2p / TP 1p | seed 12 | slip 0.2p,2012-2016,1.3369919251300466,-57.83001455396035,98.66300807486995,1.0,0.21397300148069198,0.0
robust,vantage_standard_stp,grid 2p / TP 1p | seed 12 | slip 0.5p,2012-2016,8.652999999811536,-38.72162329928458,91.34700000018846,1.0,0.11930149363132107,0.0
robust,vantage_standard_stp,grid 2p / TP 1p | seed 13 | slip 0.2p,2012-2016,7.878000000148363,-39.86154422317112,93.27163916546054,1.0,0.20627613092383257,0.0
robust,vantage_standard_stp,grid 2p / TP 1p | seed 13 | slip 0.5p,2012-2016,7.738999999773723,-40.075402033835374,94.27047922474848,1.0,0.15316772408150253,0.0
robust,vantage_standard_stp,grid 5p / TP 3p | seed 11 | slip 0.2p,2012-2016,4.126000000106849,-47.162580549952814,96.84586973081323,1.0,0.3902313372327728,0.0
robust,vantage_standard_stp,grid 5p / TP 3p | seed 11 | slip 0.5p,2012-2016,10.111999999797158,-36.780748215713075,91.58686445982677,1.0,0.30710513521869104,0.0
robust,vantage_standard_stp,grid 5p / TP 3p | seed 12 | slip 0.2p,2012-2016,1.2755128249268708,-58.22540627991037,98.93663843992404,1.0,0.40177664306806193,0.0
robust,vantage_standard_stp,grid 5p / TP 3p | seed 12 | slip 0.5p,2012-2016,2.736631851414769,-51.33038895878382,97.73703033017536,1.0,0.3363532433347568,0.0
robust,vantage_standard_stp,grid 5p / TP 3p | seed 13 | slip 0.2p,2012-2016,1.2756435273621438,-58.22454967449057,98.92306225581716,1.0,0.3686800996735664,0.0
robust,vantage_standard_stp,grid 5p / TP 3p | seed 13 | slip 0.5p,2012-2016,9.057999999822098,-38.15811321776788,92.61537413010448,1.0,0.29325076821634405,0.0
tpe_best,vantage_standard_stp,TPE in-sample best (late-NY stretch),2012-2016,83.64100000000613,-3.5117033783659712,19.502968222553353,0.0,0.04464184922978466,0.0
sweep,vantage_standard_stp,grid 2p / TP 1p,2017-2020.05,10.01900000005109,-49.57234554927288,90.12371545440378,1.0,0.2254714605521801,0.0
sweep,vantage_standard_stp,grid 2p / TP 2p,2017-2020.05,10.11900000005637,-49.423091331900046,90.00099999994362,1.0,0.22203788501077634,0.0
sweep,vantage_standard_stp,grid 2p / TP 3p,2017-2020.05,10.216000000055747,-49.279301410344864,90.08399999994427,1.0,0.2071590576646934,0.0
sweep,vantage_standard_stp,grid 2p / TP 5p,2017-2020.05,9.6280000000572,-50.16618024060926,90.43199999994252,1.0,0.21745978428890467,0.0
sweep,vantage_standard_stp,grid 2p / TP 8p,2017-2020.05,9.903000000057133,-49.746797219382856,90.15699999994258,1.0,0.21745978428890467,0.0
sweep,vantage_standard_stp,grid 2p / TP 12p,2017-2020.05,10.013000000057348,-49.58133401790027,89.98699999994282,1.0,0.21745978428890467,0.0
sweep,vantage_standard_stp,grid 3p / TP 1p,2017-2020.05,9.081000000041119,-51.02606315442788,90.94164588524578,1.0,0.27583056849276855,0.0
sweep,vantage_standard_stp,grid 3p / TP 2p,2017-2020.05,2.3842748492145507,-67.10428759594991,97.62463277786843,1.0,0.2620962663271535,0.0
sweep,vantage_standard_stp,grid 3p / TP 3p,2017-2020.05,6.763000000039705,-55.13817689837263,93.72954091812372,1.0,0.25751816560528185,0.0
sweep,vantage_standard_stp,grid 3p / TP 5p,2017-2020.05,9.85700000004389,-49.81637383487445,90.16267465065484,1.0,0.25294006488341014,0.0
sweep,vantage_standard_stp,grid 3p / TP 8p,2017-2020.05,8.602000000041286,-51.80946145209047,92.13373253488865,1.0,0.255229115244346,0.0
sweep,vantage_standard_stp,grid 3p / TP 12p,2017-2020.05,8.672000000041557,-51.69309660794996,92.06387225544725,1.0,0.25408459006387807,0.0
sweep,vantage_standard_stp,grid 5p / TP 1p,2017-2020.05,10.265000000048314,-49.207029605215794,89.73859149292916,1.0,0.3731152088325417,0.0
sweep,vantage_standard_stp,grid 5p / TP 2p,2017-2020.05,9.95800000003827,-49.663905134041364,90.19199999996191,1.0,0.339923978598972,0.0
sweep,vantage_standard_stp,grid 5p / TP 3p,2017-2020.05,10.221000000040435,-49.271915595648686,89.77899999995957,1.0,0.3376349282380362,0.0
sweep,vantage_standard_stp,grid 5p / TP 5p,2017-2020.05,10.293000000037644,-49.16584017577401,89.70699999996236,1.0,0.30101012246306275,0.0
sweep,vantage_standard_stp,grid 5p / TP 8p,2017-2020.05,10.108000000048445,-49.43945843998429,89.89199999995155,1.0,0.3181780001700816,0.0
sweep,vantage_standard_stp,grid 5p / TP 12p,2017-2020.05,9.988000000046892,-49.61882674618933,90.0119999999531,1.0,0.3250451512528891,0.0
sweep,vantage_standard_stp,grid 7.5p / TP 1p,2017-2020.05,9.553000000047497,-50.2820152589906,90.44699999995251,1.0,0.410884539787983,0.0
sweep,vantage_standard_stp,grid 7.5p / TP 2p,2017-2020.05,9.358000000049566,-50.586205828636885,90.7019999999511,1.0,0.3925721369004963,0.0
sweep,vantage_standard_stp,grid 7.5p / TP 3p,2017-2020.05,10.305000000046308,-49.1482116546737,89.6949999999537,1.0,0.38684951099815673,0.0
sweep,vantage_standard_stp,grid 7.5p / TP 5p,2017-2020.05,10.039000000048812,-49.54241126732401,89.96099999995118,1.0,0.39028308653956045,0.0
sweep,vantage_standard_stp,grid 7.5p / TP 8p,2017-2020.05,10.024000000050304,-49.564858046596285,89.97599999994969,1.0,0.4074509642465793,0.0
sweep,vantage_standard_stp,grid 7.5p / TP 12p,2017-2020.05,10.234000000053712,-49.25272434740935,89.76599999994629,1.0,0.4280524174950018,0.0
sweep,vantage_standard_stp,grid 10p / TP 1p,2017-2020.05,10.343000000039716,-49.092482958092276,90.01699999996039,1.0,0.4566655470066998,0.0
sweep,vantage_standard_stp,grid 10p / TP 2p,2017-2020.05,10.188000000039956,-49.32070896422807,89.81199999996005,1.0,0.44979839592389226,0.0
sweep,vantage_standard_stp,grid 10p / TP 3p,2017-2020.05,10.075000000040218,-49.488634952991674,89.92499999995978,1.0,0.44865387074342433,0.0
sweep,vantage_standard_stp,grid 10p / TP 5p,2017-2020.05,10.139000000047329,-49.39336494385649,90.40099999995365,1.0,0.4635326980895073,0.0
sweep,vantage_standard_stp,grid 10p / TP 8p,2017-2020.05,10.184000000048815,-49.326630852098695,89.81599999995119,1.0,0.45437649664576396,0.0
sweep,vantage_standard_stp,grid 10p / TP 12p,2017-2020.05,10.384000000049321,-49.03251569154218,89.61599999995067,1.0,0.46124364772857146,0.0
sweep,vantage_standard_stp,grid 15p / TP 1p,2017-2020.05,10.093000000043121,-49.461797398626764,89.90699999995707,1.0,0.47841152543559023,0.0
sweep,vantage_standard_stp,grid 15p / TP 2p,2017-2020.05,10.208000000047122,-49.29112399710643,90.05199999995375,1.0,0.4921458276012053,0.0
sweep,vantage_standard_stp,grid 15p / TP 3p,2017-2020.05,10.2150000000472,-49.280778877982655,90.34499999995467,1.0,0.4921458276012053,0.0
sweep,vantage_standard_stp,grid 15p / TP 5p,2017-2020.05,10.300000000051211,-49.15555511850048,89.69999999994879,1.0,0.5081691801277561,0.0
sweep,vantage_standard_stp,grid 15p / TP 8p,2017-2020.05,10.181000000051286,-49.33107334028196,89.81899999994872,1.0,0.5058801297668203,0.0
sweep,vantage_standard_stp,grid 15p / TP 12p,2017-2020.05,10.036000000052955,-49.54689873753647,89.96399999994705,1.0,0.5116027556691599,0.0
robust,vantage_standard_stp,grid 2p / TP 1p | seed 11 | slip 0.2p,2017-2020.05,10.01900000005109,-49.57234554927288,90.12371545440378,1.0,0.2254714605521801,0.0
robust,vantage_standard_stp,grid 2p / TP 1p | seed 11 | slip 0.5p,2017-2020.05,9.778999999883752,-49.93487464919125,90.48808398439297,1.0,0.14535469791942573,0.0
robust,vantage_standard_stp,grid 2p / TP 1p | seed 12 | slip 0.2p,2017-2020.05,10.01900000005109,-49.57234554927288,90.12371545440378,1.0,0.2254714605521801,0.0
robust,vantage_standard_stp,grid 2p / TP 1p | seed 12 | slip 0.5p,2017-2020.05,9.778999999883752,-49.93487464919125,90.48808398439297,1.0,0.14535469791942573,0.0
robust,vantage_standard_stp,grid 2p / TP 1p | seed 13 | slip 0.2p,2017-2020.05,10.01900000005109,-49.57234554927288,90.12371545440378,1.0,0.2254714605521801,0.0
robust,vantage_standard_stp,grid 2p / TP 1p | seed 13 | slip 0.5p,2017-2020.05,9.778999999883752,-49.93487464919125,90.48808398439297,1.0,0.14535469791942573,0.0
robust,vantage_standard_stp,grid 5p / TP 3p | seed 11 | slip 0.2p,2017-2020.05,10.221000000040435,-49.271915595648686,89.77899999995957,1.0,0.3376349282380362,0.0
robust,vantage_standard_stp,grid 5p / TP 3p | seed 11 | slip 0.5p,2017-2020.05,10.182999999909338,-49.32811157955107,90.41700000009018,1.0,0.26095174114668557,0.0
robust,vantage_standard_stp,grid 5p / TP 3p | seed 12 | slip 0.2p,2017-2020.05,10.301000000036312,-49.154086225468355,89.69899999996369,1.0,0.3044436980044665,0.0
robust,vantage_standard_stp,grid 5p / TP 3p | seed 12 | slip 0.5p,2017-2020.05,10.182999999909338,-49.32811157955107,90.41700000009018,1.0,0.26095174114668557,0.0
robust,vantage_standard_stp,grid 5p / TP 3p | seed 13 | slip 0.2p,2017-2020.05,10.301000000036312,-49.154086225468355,89.69899999996369,1.0,0.3044436980044665,0.0
robust,vantage_standard_stp,grid 5p / TP 3p | seed 13 | slip 0.5p,2017-2020.05,10.182999999909338,-49.32811157955107,90.41700000009018,1.0,0.26095174114668557,0.0
tpe_best,vantage_standard_stp,TPE in-sample best (late-NY stretch),2017-2020.05,83.7680000000051,-5.134159147940187,17.75677815158838,0.0,0.060659834564799724,0.0
sweep,vantage_cent,grid 2p / TP 1p,2012-2016,0.08001000012932574,-75.99722465456293,99.93258999987067,1.0,11.825471923558819,0.0
sweep,vantage_cent,grid 2p / TP 2p,2012-2016,0.08104000013121075,-75.93570450705323,99.93156353119058,1.0,10.292255308632422,0.0
sweep,vantage_cent,grid 2p / TP 3p,2012-2016,0.09180038489389485,-75.32775954247319,99.93903014054642,1.0,9.048441026643939,0.0
sweep,vantage_cent,grid 2p / TP 5p,2012-2016,0.0940800001120301,-75.20635296316756,99.91114407984234,1.0,8.050156915419272,0.0
sweep,vantage_cent,grid 2p / TP 8p,2012-2016,0.09883242469951214,-74.96063093125315,99.91596701992911,1.0,7.863122960887587,0.0
sweep,vantage_cent,grid 2p / TP 12p,2012-2016,0.07508000011360526,-76.30077291505141,99.93498016973628,1.0,7.951636972291471,0.0
sweep,vantage_cent,grid 3p / TP 1p,2012-2016,0.10276000010537119,-74.76459270754847,99.92687580150222,1.0,18.484804329353594,0.0
sweep,vantage_cent,grid 3p / TP 2p,2012-2016,0.0860600001108312,-75.64452352688546,99.92544396083018,1.0,16.464375808177994,0.0
sweep,vantage_cent,grid 3p / TP 3p,2012-2016,0.10139000010342156,-74.83228238350758,99.91599210914138,1.0,13.922099463247326,0.0
sweep,vantage_cent,grid 3p / TP 5p,2012-2016,0.09989000009718944,-74.90723943617151,99.91743072409118,1.0,12.789889804333304,0.0
sweep,vantage_cent,grid 3p / TP 8p,2012-2016,0.09148000009581023,-75.34501516193671,99.90996505701202,1.0,12.143352677557113,0.0
sweep,vantage_cent,grid 3p / TP 12p,2012-2016,0.09645000009125902,-75.08260248162937,99.90888561065047,1.0,11.692316062925151,0.0
sweep,vantage_cent,grid 5p / TP 1p,2012-2016,0.0943000000675424,-75.19476125494967,99.91565372007814,1.0,29.097249453151367,0.0
sweep,vantage_cent,grid 5p / TP 2p,2012-2016,0.0953000000749884,-75.1423426923164,99.91470897626604,1.0,25.89304224033079,0.0
sweep,vantage_cent,grid 5p / TP 3p,2012-2016,0.07928000007532754,-76.04121102916584,99.92237059321091,1.0,24.449879010919645,0.0
sweep,vantage_cent,grid 5p / TP 5p,2012-2016,0.0958100000697238,-75.11577844806936,99.91416572537072,1.0,22.47255296486246,0.0
sweep,vantage_cent,grid 5p / TP 8p,2012-2016,0.08005000007319339,-75.99482373680262,99.92359745577717,1.0,22.291676506776263,0.0
sweep,vantage_cent,grid 5p / TP 12p,2012-2016,0.1033200000712139,-74.73713164989061,99.89854138298965,1.0,21.403457644514685,0.0
sweep,vantage_cent,grid 7.5p / TP 1p,2012-2016,0.10210000006483967,-74.79711163175162,99.90965373656131,1.0,33.3497704358162,0.0
sweep,vantage_cent,grid 7.5p / TP 2p,2012-2016,0.09368000007872024,-75.2274844671957,99.91081066088458,1.0,33.32129201475582,0.0
sweep,vantage_cent,grid 7.5p / TP 3p,2012-2016,0.013373655594642243,-83.2200575626868,99.98664639217678,1.0,32.774044518163116,0.0
sweep,vantage_cent,grid 7.5p / TP 5p,2012-2016,0.10067000007423893,-74.8681502636476,99.90189167017463,1.0,30.92294714923842,0.0
sweep,vantage_cent,grid 7.5p / TP 8p,2012-2016,0.08436000007752309,-75.74157233998268,99.93089095559542,1.0,30.334136551638675,0.0
sweep,vantage_cent,grid 7.5p / TP 12p,2012-2016,0.08657000007555134,-75.61570803215893,99.91485830522005,1.0,29.977771444856085,0.0
sweep,vantage_cent,grid 10p / TP 1p,2012-2016,0.09101000004178829,-75.37041659654633,99.92341139881339,1.0,35.49642763412429,0.0
sweep,vantage_cent,grid 10p / TP 2p,2012-2016,0.07924000005818238,-76.04363059019616,99.93760206862716,1.0,35.96747611220409,0.0
sweep,vantage_cent,grid 10p / TP 3p,2012-2016,0.013353403815627517,-83.22514564612251,99.98666056257535,1.0,35.645746922927366,0.0
sweep,vantage_cent,grid 10p / TP 5p,2012-2016,0.10018000005527943,-74.89267786564393,99.92396410317637,1.0,35.02922759132292,0.0
sweep,vantage_cent,grid 10p / TP 8p,2012-2016,0.09005000005981244,-75.42262815293729,99.91350181346085,1.0,34.59204534369331,0.0
sweep,vantage_cent,grid 10p / TP 12p,2012-2016,0.013353403815622987,-83.22514564612365,99.98669610794903,1.0,34.21028056407308,0.0
sweep,vantage_cent,grid 15p / TP 1p,2012-2016,0.10166000004291967,-74.8188844487244,99.89926137669295,1.0,36.63094635420537,0.0
sweep,vantage_cent,grid 15p / TP 2p,2012-2016,0.10065000005862823,-74.86914951963894,99.90179464409617,1.0,37.242077876420005,0.0
sweep,vantage_cent,grid 15p / TP 3p,2012-2016,0.10227000006145222,-74.78871950555015,99.89969970864104,1.0,37.03888049371892,0.0
sweep,vantage_cent,grid 15p / TP 5p,2012-2016,0.10036000005726725,-74.88365659840974,99.89976004731008,1.0,37.09968577111811,0.0
sweep,vantage_cent,grid 15p / TP 8p,2012-2016,0.10029000006345032,-74.88716332958201,99.90126882184643,1.0,37.04426830310872,0.0
sweep,vantage_cent,grid 15p / TP 12p,2012-2016,0.10262000006260334,-74.77147667310011,99.8976108669546,1.0,36.74332066433552,0.0
robust,vantage_cent,grid 2p / TP 1p | seed 11 | slip 0.2p,2012-2016,0.08001000012932574,-75.99722465456293,99.93258999987067,1.0,11.825471923558819,0.0
robust,vantage_cent,grid 2p / TP 1p | seed 11 | slip 0.5p,2012-2016,0.08171333941137093,-75.89582435429236,99.91978666058861,1.0,7.801547996432712,0.0
robust,vantage_cent,grid 2p / TP 1p | seed 12 | slip 0.2p,2012-2016,0.08368000012370727,-75.78083024356286,99.92551999987631,1.0,11.345187200810791,0.0
robust,vantage_cent,grid 2p / TP 1p | seed 12 | slip 0.5p,2012-2016,0.0913399997993823,-75.35257062434724,99.92756000020061,1.0,7.619132164235143,0.0
robust,vantage_cent,grid 2p / TP 1p | seed 13 | slip 0.2p,2012-2016,0.09997000012937382,-74.90321907509792,99.91237032704613,1.0,11.768515081438059,0.0
robust,vantage_cent,grid 2p / TP 1p | seed 13 | slip 0.5p,2012-2016,0.0976399997947722,-75.02138121350947,99.93088044576936,1.0,7.7407427190335225,0.0
robust,vantage_cent,grid 5p / TP 3p | seed 11 | slip 0.2p,2012-2016,0.07928000007532754,-76.04121102916584,99.92237059321091,1.0,24.449879010919645,0.0
robust,vantage_cent,grid 5p / TP 3p | seed 11 | slip 0.5p,2012-2016,0.09393999985296428,-75.21374081369112,99.90924326522156,1.0,17.33181311993605,0.0
robust,vantage_cent,grid 5p / TP 3p | seed 12 | slip 0.2p,2012-2016,0.09623000007502937,-75.09398680546525,99.90755443806559,1.0,24.459884942643562,0.0
robust,vantage_cent,grid 5p / TP 3p | seed 12 | slip 0.5p,2012-2016,0.08947999985260179,-75.45383978655423,99.91370063335171,1.0,17.344897799882713,0.0
robust,vantage_cent,grid 5p / TP 3p | seed 13 | slip 0.2p,2012-2016,0.08930000007763632,-75.46372911421804,99.91475728126272,1.0,25.459708427979603,0.0
robust,vantage_cent,grid 5p / TP 3p | seed 13 | slip 0.5p,2012-2016,0.0948399998502173,-75.16640032453816,99.92279417615102,1.0,17.571955481310066,0.0
tpe_best,vantage_cent,TPE in-sample best (late-NY stretch),2012-2016,98.55926000000079,-0.28999475214339654,1.5408935557118162,0.0,0.4725878521911686,0.0
sweep,vantage_cent,grid 2p / TP 1p,2017-2020.05,0.09663000012245661,-87.32814970060284,99.90337222231642,1.0,20.99059180978164,0.0
sweep,vantage_cent,grid 2p / TP 2p,2017-2020.05,0.10215000012535401,-87.11692657692687,99.89784999987465,1.0,18.80111513954651,0.0
sweep,vantage_cent,grid 2p / TP 3p,2017-2020.05,0.09437000011523361,-87.4170771260757,99.90832999988477,1.0,16.834820879502626,0.0
sweep,vantage_cent,grid 2p / TP 5p,2017-2020.05,0.0952300001096113,-87.38306297347495,99.9065699998904,1.0,15.839083972495535,0.0
sweep,vantage_cent,grid 2p / TP 8p,2017-2020.05,0.10233000011016602,-87.11017533470248,99.89766999988984,1.0,15.928356936572033,0.0
sweep,vantage_cent,grid 2p / TP 12p,2017-2020.05,0.09934000011034806,-87.22342126704919,99.90065999988965,1.0,16.079434260393796,0.0
sweep,vantage_cent,grid 3p / TP 1p,2017-2020.05,0.10474000008378062,-87.02057694026392,99.89526261835076,1.0,34.786698335141935,0.0
sweep,vantage_cent,grid 3p / TP 2p,2017-2020.05,0.09627000008931394,-87.34221659999805,99.90373360990031,1.0,31.77659711051131,0.0
sweep,vantage_cent,grid 3p / TP 3p,2017-2020.05,0.07531000008631851,-88.23411510227844,99.95709085809652,1.0,30.281847224820208,0.0
sweep,vantage_cent,grid 3p / TP 5p,2017-2020.05,0.10485000008385616,-87.01652209691811,99.89575208487446,1.0,29.21972785734598,0.0
sweep,vantage_cent,grid 3p / TP 8p,2017-2020.05,0.09951000008302317,-87.21691881552486,99.90049199007717,1.0,28.211401173353742,0.0
sweep,vantage_cent,grid 3p / TP 12p,2017-2020.05,0.09924000008209449,-87.22724989217714,99.90316193667918,1.0,28.467774813778554,0.0
sweep,vantage_cent,grid 5p / TP 1p,2017-2020.05,0.10362000005677514,-87.06203389967612,99.89638036261195,1.0,50.463259732011025,0.0
sweep,vantage_cent,grid 5p / TP 2p,2017-2020.05,0.10387000006800476,-87.05275292698921,99.896129999932,1.0,47.955605061605816,0.0
sweep,vantage_cent,grid 5p / TP 3p,2017-2020.05,0.10378000006746563,-87.05609226762553,99.89621999993253,1.0,47.66031756504509,0.0
sweep,vantage_cent,grid 5p / TP 5p,2017-2020.05,0.09933000006385719,-87.22380400937652,99.91806999993614,1.0,46.03852538432205,0.0
sweep,vantage_cent,grid 5p / TP 8p,2017-2020.05,0.10491000006714211,-87.01431162413162,99.89508999993286,1.0,46.19418080886569,0.0
sweep,vantage_cent,grid 5p / TP 12p,2017-2020.05,0.10257000006487745,-87.10118664293492,99.90102999993513,1.0,45.18127602415158,0.0
sweep,vantage_cent,grid 7.5p / TP 1p,2017-2020.05,0.08681000005332276,-87.72588580583721,99.93838999994666,1.0,55.72120841108065,0.0
sweep,vantage_cent,grid 7.5p / TP 2p,2017-2020.05,0.10520000006746455,-87.00364016978367,99.89479999993253,1.0,54.66366714432829,0.0
sweep,vantage_cent,grid 7.5p / TP 3p,2017-2020.05,0.1038000000664884,-87.05535001622845,99.89659999993351,1.0,53.91171410076087,0.0
sweep,vantage_cent,grid 7.5p / TP 5p,2017-2020.05,0.10589000006318852,-86.97833228161021,99.9172099999368,1.0,53.09681217226771,0.0
sweep,vantage_cent,grid 7.5p / TP 8p,2017-2020.05,0.106330000065748,-86.96225434653257,99.89366999993425,1.0,52.86332903545225,0.0
sweep,vantage_cent,grid 7.5p / TP 12p,2017-2020.05,0.10210000006426298,-87.11880340728312,99.89789999993575,1.0,52.9365786470022,0.0
sweep,vantage_cent,grid 10p / TP 1p,2017-2020.05,0.10596000004555717,-86.97577129395184,99.89403999995444,1.0,56.934405102376644,0.0
sweep,vantage_cent,grid 10p / TP 2p,2017-2020.05,0.0935300000604147,-87.45051110292306,99.93164999993964,1.0,56.263713346622445,0.0
sweep,vantage_cent,grid 10p / TP 3p,2017-2020.05,0.09816000005986114,-87.26877274457227,99.90879999994017,1.0,56.03251926016792,0.0
sweep,vantage_cent,grid 10p / TP 5p,2017-2020.05,0.08348000005661138,-87.867923707191,99.93691999994338,1.0,55.194726828065406,0.0
sweep,vantage_cent,grid 10p / TP 8p,2017-2020.05,0.10575000005941793,-86.98345782808066,99.89424999994058,1.0,55.287433367683306,0.0
sweep,vantage_cent,grid 10p / TP 12p,2017-2020.05,0.10606000005820408,-86.97211479947163,99.8939399999418,1.0,54.85136927392503,0.0
sweep,vantage_cent,grid 15p / TP 1p,2017-2020.05,0.07661000004549628,-88.17403942670477,99.9386899999545,1.0,57.18963421762099,0.0
sweep,vantage_cent,grid 15p / TP 2p,2017-2020.05,0.0870200000601822,-87.7170576542639,99.93607999993984,1.0,56.5899030230558,0.0
sweep,vantage_cent,grid 15p / TP 3p,2017-2020.05,0.10562000006019878,-86.98822153352705,99.8943799999398,1.0,56.50177458415977,0.0
sweep,vantage_cent,grid 15p / TP 5p,2017-2020.05,0.10626000005692364,-86.96480907016306,99.89373999994308,1.0,56.16070608038033,0.0
sweep,vantage_cent,grid 15p / TP 8p,2017-2020.05,0.10533000006004654,-86.99886312163187,99.89466999993995,1.0,56.05655428895775,0.0
sweep,vantage_cent,grid 15p / TP 12p,2017-2020.05,0.10489000005891602,-87.01504835021127,99.89510999994108,1.0,55.962703224159384,0.0
robust,vantage_cent,grid 2p / TP 1p | seed 11 | slip 0.2p,2017-2020.05,0.09663000012245661,-87.32814970060284,99.90337222231642,1.0,20.99059180978164,0.0
robust,vantage_cent,grid 2p / TP 1p | seed 11 | slip 0.5p,2017-2020.05,0.1003899998015072,-87.18338323432563,99.89961496925753,1.0,12.230396078480185,0.0
robust,vantage_cent,grid 2p / TP 1p | seed 12 | slip 0.2p,2017-2020.05,0.09966000012174511,-87.21118783270386,99.90314222760705,1.0,20.978002032796493,0.0
robust,vantage_cent,grid 2p / TP 1p | seed 12 | slip 0.5p,2017-2020.05,0.10026999979891801,-87.18794407929438,99.90573466633509,1.0,12.407797481452713,0.0
robust,vantage_cent,grid 2p / TP 1p | seed 13 | slip 0.2p,2017-2020.05,0.09962000012134406,-87.21271550165,99.90234224600701,1.0,20.771987500312267,0.0
robust,vantage_cent,grid 2p / TP 1p | seed 13 | slip 0.5p,2017-2020.05,0.10044999979955078,-87.1811042478886,99.89955497222934,1.0,12.25557563245048,0.0
robust,vantage_cent,grid 5p / TP 3p | seed 11 | slip 0.2p,2017-2020.05,0.10378000006746563,-87.05609226762553,99.89621999993253,1.0,47.66031756504509,0.0
robust,vantage_cent,grid 5p / TP 3p | seed 11 | slip 0.5p,2017-2020.05,0.10057999987566955,-87.17616971915596,99.89942000012434,1.0,34.16865473768926,0.0
robust,vantage_cent,grid 5p / TP 3p | seed 12 | slip 0.2p,2017-2020.05,0.10490000006744202,-87.01467997467587,99.89509999993255,1.0,47.666040190947434,0.0
robust,vantage_cent,grid 5p / TP 3p | seed 12 | slip 0.5p,2017-2020.05,0.09804999987489606,-87.2730199066884,99.90195000012511,1.0,34.53948089616087,0.0
robust,vantage_cent,grid 5p / TP 3p | seed 13 | slip 0.2p,2017-2020.05,0.10423000006741594,-87.03941585260108,99.89576999993258,1.0,47.44400230593666,0.0
robust,vantage_cent,grid 5p / TP 3p | seed 13 | slip 0.5p,2017-2020.05,0.09547999987540651,-87.37321564464398,99.9066200001246,1.0,34.22244742117125,0.0
tpe_best,vantage_cent,TPE in-sample best (late-NY stretch),2017-2020.05,98.83395000000043,-0.3484196363398029,1.3633852054065625,0.0,0.5425049355417937,0.0
sweep,vantage_pro_ecn_reference,grid 2p / TP 1p,2012-2016,10.332000000300333,-36.507865470053915,91.17846042191246,1.0,0.5680290470962255,57.030000000001245
sweep,vantage_pro_ecn_reference,grid 2p / TP 2p,2012-2016,1.2303687874575058,-58.52556548027048,98.91403233319767,1.0,0.4979875250288047,54.78000000000108
sweep,vantage_pro_ecn_reference,grid 2p / TP 3p,2012-2016,8.85700000031256,-38.43520455298037,93.2570168437348,1.0,0.42563694179432615,50.22000000000092
sweep,vantage_pro_ecn_reference,grid 2p / TP 5p,2012-2016,10.270000000431846,-36.584294711074385,93.69889857394178,1.0,0.5687987341519114,64.62000000000135
sweep,vantage_pro_ecn_reference,grid 2p / TP 8p,2012-2016,9.076000000296354,-38.133539799287654,94.40677241413134,1.0,0.4356428735182434,48.06000000000086
sweep,vantage_pro_ecn_reference,grid 2p / TP 12p,2012-2016,8.088000000320406,-39.54410417904746,93.9652163353367,1.0,0.4787453486366562,52.05000000000102
sweep,vantage_pro_ecn_reference,grid 3p / TP 1p,2012-2016,3.373000000186073,-49.25086547120284,97.42180855620816,1.0,0.7088817782867529,50.16000000000119
sweep,vantage_pro_ecn_reference,grid 3p / TP 2p,2012-2016,7.7500000002630225,-40.058366577297065,93.76256303535277,1.0,0.7127302135651826,53.430000000001286
sweep,vantage_pro_ecn_reference,grid 3p / TP 3p,2012-2016,9.227000000291106,-37.92891675533663,93.50465002424025,1.0,0.680403357226373,54.06000000000126
sweep,vantage_pro_ecn_reference,grid 3p / TP 5p,2012-2016,9.212000000294193,-37.949123211005045,94.54200318487102,1.0,0.6765549219479433,57.15000000000134
sweep,vantage_pro_ecn_reference,grid 3p / TP 8p,2012-2016,10.067000000264521,-36.83714919791807,92.39734678576818,1.0,0.5880409105440599,45.87000000000096
sweep,vantage_pro_ecn_reference,grid 3p / TP 12p,2012-2016,9.093000000258819,-38.11036733947702,94.06644617077352,1.0,0.6188283927714977,48.96000000000109
sweep,vantage_pro_ecn_reference,grid 5p / TP 1p,2012-2016,3.746000000112316,-48.174400976244335,97.08279504511046,1.0,0.7666083074631986,38.550000000000956
sweep,vantage_pro_ecn_reference,grid 5p / TP 2p,2012-2016,10.063000000135197,-36.84217237184952,93.39302144513636,1.0,0.7735354909643721,42.54000000000108
sweep,vantage_pro_ecn_reference,grid 5p / TP 3p,2012-2016,8.356000000158549,-39.148428544085945,93.9485615226879,1.0,0.8166379660827848,47.55000000000127
sweep,vantage_pro_ecn_reference,grid 5p / TP 5p,2012-2016,1.2923655594647947,-58.115530380616875,99.02250509827807,1.0,0.8181773401941568,47.67000000000128
sweep,vantage_pro_ecn_reference,grid 5p / TP 8p,2012-2016,9.105000000160626,-38.0940311640932,94.63563530690797,1.0,0.774305178020058,44.40000000000115
sweep,vantage_pro_ecn_reference,grid 5p / TP 12p,2012-2016,2.8289221986221413,-51.006269426918415,98.10760510899013,1.0,0.8174076531384709,47.43000000000124
sweep,vantage_pro_ecn_reference,grid 7.5p / TP 1p,2012-2016,9.89600000009864,-37.05332939538869,92.44360324344429,1.0,0.7927776673565207,35.64000000000093
sweep,vantage_pro_ecn_reference,grid 7.5p / TP 2p,2012-2016,5.198000000117455,-44.66308944435799,95.54015051867191,1.0,0.7458267569596781,33.90000000000086
sweep,vantage_pro_ecn_reference,grid 7.5p / TP 3p,2012-2016,10.102000000138588,-36.79326439117426,92.41153913183065,1.0,0.8304923330851318,38.85000000000103
sweep,vantage_pro_ecn_reference,grid 7.5p / TP 5p,2012-2016,1.2903403815629808,-58.12867326558504,98.96126259312938,1.0,0.9090004127650979,42.33000000000116
sweep,vantage_pro_ecn_reference,grid 7.5p / TP 8p,2012-2016,8.746000000173986,-38.590387532874985,93.81018675464166,1.0,0.9651875678301718,44.340000000001226
sweep,vantage_pro_ecn_reference,grid 7.5p / TP 12p,2012-2016,1.2942505160872049,-58.10331228982613,99.1389744762086,1.0,1.0213747228952454,47.280000000001344
sweep,vantage_pro_ecn_reference,grid 10p / TP 1p,2012-2016,1.2705378789535668,-58.258063696304895,98.7555824455151,1.0,0.7542933145722236,31.590000000000813
sweep,vantage_pro_ecn_reference,grid 10p / TP 2p,2012-2016,8.715000000086032,-38.63400823298474,91.93131271327445,1.0,0.7712264297973143,32.70000000000085
sweep,vantage_pro_ecn_reference,grid 10p / TP 3p,2012-2016,1.2923655594647911,-58.115530380616896,98.82662627044903,1.0,0.8220257754725865,34.98000000000092
sweep,vantage_pro_ecn_reference,grid 10p / TP 5p,2012-2016,10.14100000010743,-36.74450720788025,92.46493877646623,1.0,0.9736541254427171,41.160000000001155
sweep,vantage_pro_ecn_reference,grid 10p / TP 8p,2012-2016,9.069000000138491,-38.1430914925007,92.94329110761412,1.0,1.029071593452105,43.59000000000125
sweep,vantage_pro_ecn_reference,grid 10p / TP 12p,2012-2016,1.2977519999996563,-58.080653766260745,99.05085132525915,1.0,0.9998234853360392,42.2100000000012
sweep,vantage_pro_ecn_reference,grid 15p / TP 1p,2012-2016,9.597000000063467,-37.43861637487096,91.38572733247908,1.0,0.7165786488436123,28.800000000000708
sweep,vantage_pro_ecn_reference,grid 15p / TP 2p,2012-2016,9.60900000009035,-37.42296968214796,91.38843940589592,1.0,0.7196573970663561,29.040000000000717
sweep,vantage_pro_ecn_reference,grid 15p / TP 3p,2012-2016,1.2894000000003896,-58.13478171090883,98.79261749365567,1.0,0.8074017214145536,32.460000000000846
sweep,vantage_pro_ecn_reference,grid 15p / TP 5p,2012-2016,10.319000000108996,-36.52386050060017,91.04968086153072,1.0,0.8174076531384709,32.940000000000865
sweep,vantage_pro_ecn_reference,grid 15p / TP 8p,2012-2016,1.289400000000164,-58.134781710910296,98.91303614782836,1.0,0.9113094739321558,36.99000000000102
sweep,vantage_pro_ecn_reference,grid 15p / TP 12p,2012-2016,9.412000000132842,-37.681839271757376,92.56653510803905,1.0,0.9313213373799903,37.68000000000104
robust,vantage_pro_ecn_reference,grid 2p / TP 1p | seed 11 | slip 0.2p,2012-2016,10.332000000300333,-36.507865470053915,91.17846042191246,1.0,0.5680290470962255,57.030000000001245
robust,vantage_pro_ecn_reference,grid 2p / TP 1p | seed 11 | slip 0.5p,2012-2016,7.627999999560556,-40.248398192594145,92.76963704276324,1.0,0.32249887633240987,36.66000000000055
robust,vantage_pro_ecn_reference,grid 2p / TP 1p | seed 12 | slip 0.2p,2012-2016,9.609000000264862,-37.42296968192053,91.04743258851047,1.0,0.4879815933048875,49.95000000000099
robust,vantage_pro_ecn_reference,grid 2p / TP 1p | seed 12 | slip 0.5p,2012-2016,2.721628994679685,-51.383901713268074,97.27837100532031,1.0,0.2886326458822284,34.860000000000454
robust,vantage_pro_ecn_reference,grid 2p / TP 1p | seed 13 | slip 0.2p,2012-2016,9.745000000298893,-37.24672392670666,92.68437612603707,1.0,0.5218478237550689,52.6800000000011
robust,vantage_pro_ecn_reference,grid 2p / TP 1p | seed 13 | slip 0.5p,2012-2016,7.985999999545794,-39.69745525725372,92.13206077955569,1.0,0.3355835562790709,39.15000000000064
robust,vantage_pro_ecn_reference,grid 5p / TP 3p | seed 11 | slip 0.2p,2012-2016,8.356000000158549,-39.148428544085945,93.9485615226879,1.0,0.8166379660827848,47.55000000000127
robust,vantage_pro_ecn_reference,grid 5p / TP 3p | seed 11 | slip 0.5p,2012-2016,7.544999999670683,-40.37907626072855,93.72106457284545,1.0,0.5418596872029035,30.87000000000062
robust,vantage_pro_ecn_reference,grid 5p / TP 3p | seed 12 | slip 0.2p,2012-2016,8.858000000194886,-38.43381359610344,93.4634024062561,1.0,0.9505635137721389,55.56000000000159
robust,vantage_pro_ecn_reference,grid 5p / TP 3p | seed 12 | slip 0.5p,2012-2016,9.404999999651332,-37.69111712562545,92.35643333556379,1.0,0.5865015364326881,32.790000000000695
robust,vantage_pro_ecn_reference,grid 5p / TP 3p | seed 13 | slip 0.2p,2012-2016,9.601000000177631,-37.433399072554906,92.65713856863738,1.0,0.9190063444890152,53.6100000000015
robust,vantage_pro_ecn_reference,grid 5p / TP 3p | seed 13 | slip 0.5p,2012-2016,10.30599999967991,-36.53987165776403,92.47024996702368,1.0,0.5526353059825067,31.14000000000063
tpe_best,vantage_pro_ecn_reference,TPE in-sample best (late-NY stretch),2012-2016,83.72000000004321,-3.4934725646731057,20.84786945380113,0.0,0.2578451636547907,10.860000000000033
sweep,vantage_pro_ecn_reference,grid 2p / TP 1p,2017-2020.05,9.92000000012385,-49.721141575065,90.34203242376083,1.0,0.4864232016988657,29.16000000000034
sweep,vantage_pro_ecn_reference,grid 2p / TP 2p,2017-2020.05,9.593000000104128,-50.22015741048267,91.59695441500672,1.0,0.3135998994482099,19.560000000000123
sweep,vantage_pro_ecn_reference,grid 2p / TP 3p,2017-2020.05,10.223000000104395,-49.26896198027422,90.27460293889193,1.0,0.2952874965607232,18.360000000000063
sweep,vantage_pro_ecn_reference,grid 2p / TP 5p,2017-2020.05,7.240000000094852,-54.21903529777394,93.44637263179973,1.0,0.25751816560528185,16.20000000000003
sweep,vantage_pro_ecn_reference,grid 2p / TP 8p,2017-2020.05,9.669000000091849,-50.10312485282078,90.45895281180314,1.0,0.2620962663271535,16.200000000000028
sweep,vantage_pro_ecn_reference,grid 2p / TP 12p,2017-2020.05,9.989000000097247,-49.617325772103094,90.1208293967503,1.0,0.26095174114668557,16.23000000000002
sweep,vantage_pro_ecn_reference,grid 3p / TP 1p,2017-2020.05,10.302000000104144,-49.15261743247488,90.20645161280036,1.0,0.6626800794909252,30.54000000000045
sweep,vantage_pro_ecn_reference,grid 3p / TP 2p,2017-2020.05,10.202000000100288,-49.299995208796375,89.91249320205633,1.0,0.45437649664576396,24.330000000000197
sweep,vantage_pro_ecn_reference,grid 3p / TP 3p,2017-2020.05,10.226000000070307,-49.26453231834714,91.39356814694393,1.0,0.3673925829302021,18.810000000000066
sweep,vantage_pro_ecn_reference,grid 3p / TP 5p,2017-2020.05,10.19600000006471,-49.30887008615468,91.45250842745978,1.0,0.3078772735458703,15.389999999999986
sweep,vantage_pro_ecn_reference,grid 3p / TP 8p,2017-2020.05,10.186000000073111,-49.32366970393507,90.46599246472984,1.0,0.3364904030575683,17.490000000000023
sweep,vantage_pro_ecn_reference,grid 3p / TP 12p,2017-2020.05,9.316000000076471,-50.652305443778985,90.7634344635372,1.0,0.3410685037794399,17.910000000000043
sweep,vantage_pro_ecn_reference,grid 5p / TP 1p,2017-2020.05,10.271000000085655,-49.198196661236935,89.83598434162232,1.0,1.0243500365187876,35.28000000000074
sweep,vantage_pro_ecn_reference,grid 5p / TP 2p,2017-2020.05,10.386000000084344,-49.02959471650109,89.63403065546525,1.0,0.9591121012321163,33.69000000000069
sweep,vantage_pro_ecn_reference,grid 5p / TP 3p,2017-2020.05,10.34900000007545,-49.08369684314058,89.71016654230624,1.0,0.7908668997033322,28.5300000000005
sweep,vantage_pro_ecn_reference,grid 5p / TP 5p,2017-2020.05,10.358000000082708,-49.07052437719269,89.6709214199414,1.0,0.7622537701916342,28.17000000000047
sweep,vantage_pro_ecn_reference,grid 5p / TP 8p,2017-2020.05,10.362000000077321,-49.064672528416665,90.16553649772897,1.0,0.6271997988964197,23.58000000000034
sweep,vantage_pro_ecn_reference,grid 5p / TP 12p,2017-2020.05,10.346000000074316,-49.088089453203565,89.68288791376709,1.0,0.6970158349049629,24.360000000000397
sweep,vantage_pro_ecn_reference,grid 7.5p / TP 1p,2017-2020.05,10.261000000076717,-49.212920249411894,89.80540864177564,1.0,0.9991704825484935,29.28000000000065
sweep,vantage_pro_ecn_reference,grid 7.5p / TP 2p,2017-2020.05,10.241000000085531,-49.242397690216364,89.93913997796706,1.0,0.9820026048414747,29.01000000000064
sweep,vantage_pro_ecn_reference,grid 7.5p / TP 3p,2017-2020.05,10.166000000099238,-49.35329958444754,89.8426337612037,1.0,0.9980259573680256,29.82000000000065
sweep,vantage_pro_ecn_reference,grid 7.5p / TP 5p,2017-2020.05,10.268000000088877,-49.20261268000458,89.73199999991112,1.0,0.821769079575966,24.630000000000457
sweep,vantage_pro_ecn_reference,grid 7.5p / TP 8p,2017-2020.05,9.822000000092155,-49.86946550398509,90.17799999990784,1.0,0.864116511253279,25.95000000000053
sweep,vantage_pro_ecn_reference,grid 7.5p / TP 12p,2017-2020.05,10.344000000096303,-49.09101835694981,89.7759999999039,1.0,0.964834727134456,27.99000000000063
sweep,vantage_pro_ecn_reference,grid 10p / TP 1p,2017-2020.05,9.731000000057016,-50.00812857905521,90.28939227616303,1.0,0.9900142811047502,27.210000000000612
sweep,vantage_pro_ecn_reference,grid 10p / TP 2p,2017-2020.05,10.271000000072647,-49.19819666125609,89.74886414691412,1.0,1.0026040580898974,27.66000000000062
sweep,vantage_pro_ecn_reference,grid 10p / TP 3p,2017-2020.05,10.296000000079411,-49.16143169260779,89.71274416737826,1.0,1.0415179142258066,28.680000000000668
sweep,vantage_pro_ecn_reference,grid 10p / TP 5p,2017-2020.05,10.292000000075555,-49.1673098706499,89.70799999992444,1.0,1.0003150077289615,27.840000000000646
sweep,vantage_pro_ecn_reference,grid 10p / TP 8p,2017-2020.05,10.33400000008005,-49.10566884562812,90.10099999991999,1.0,0.9717018782172635,26.880000000000614
sweep,vantage_pro_ecn_reference,grid 10p / TP 12p,2017-2020.05,10.364000000084879,-49.061747199029405,89.63599999991513,1.0,1.0071821588117689,27.66000000000066
sweep,vantage_pro_ecn_reference,grid 15p / TP 1p,2017-2020.05,10.37100000006304,-49.0515116678546,89.74553437774352,1.0,1.0449514897672103,27.750000000000664
sweep,vantage_pro_ecn_reference,grid 15p / TP 2p,2017-2020.05,10.409000000075167,-48.99603186758677,89.71091916713246,1.0,1.0254945616992557,27.24000000000065
sweep,vantage_pro_ecn_reference,grid 15p / TP 3p,2017-2020.05,10.366000000080776,-49.05882226616263,89.64280361684487,1.0,1.0426624394062745,27.66000000000066
sweep,vantage_pro_ecn_reference,grid 15p / TP 5p,2017-2020.05,10.343000000078483,-49.0924829580355,89.67199999992165,1.0,1.0289281372406593,27.300000000000647
sweep,vantage_pro_ecn_reference,grid 15p / TP 8p,2017-2020.05,10.374000000088929,-49.04712649709023,89.62599999991107,1.0,1.0792872451812479,28.5900000000007
sweep,vantage_pro_ecn_reference,grid 15p / TP 12p,2017-2020.05,10.404000000101579,-49.00332370440134,89.59599999989842,1.0,1.1079003746929459,29.280000000000726
robust,vantage_pro_ecn_reference,grid 2p / TP 1p | seed 11 | slip 0.2p,2017-2020.05,9.92000000012385,-49.721141575065,90.34203242376083,1.0,0.4864232016988657,29.16000000000034
robust,vantage_pro_ecn_reference,grid 2p / TP 1p | seed 11 | slip 0.5p,2017-2020.05,9.779999999807748,-49.93335121418209,90.45760562024657,1.0,0.2884203454779157,16.50000000000009
robust,vantage_pro_ecn_reference,grid 2p / TP 1p | seed 12 | slip 0.2p,2017-2020.05,8.410000000137394,-52.132085658847,91.8692784721556,1.0,0.49672392832307694,30.09000000000035
robust,vantage_pro_ecn_reference,grid 2p / TP 1p | seed 12 | slip 0.5p,2017-2020.05,9.943999999781724,-49.68497436583109,90.68457031271112,1.0,0.3296232519747607,19.02000000000017
robust,vantage_pro_ecn_reference,grid 2p / TP 1p | seed 13 | slip 0.2p,2017-2020.05,10.045000000103329,-49.53343915190271,91.80060333306625,1.0,0.3662480577497342,20.25000000000016
robust,vantage_pro_ecn_reference,grid 2p / TP 1p | seed 13 | slip 0.5p,2017-2020.05,10.313999999783544,-49.13499972469103,90.31046790222878,1.0,0.3296232519747607,18.96000000000016
robust,vantage_pro_ecn_reference,grid 5p / TP 3p | seed 11 | slip 0.2p,2017-2020.05,10.34900000007545,-49.08369684314058,89.71016654230624,1.0,0.7908668997033322,28.5300000000005
robust,vantage_pro_ecn_reference,grid 5p / TP 3p | seed 11 | slip 0.5p,2017-2020.05,10.063999999831697,-49.505052264862314,89.96660186448142,1.0,0.3982947628028359,14.850000000000033
robust,vantage_pro_ecn_reference,grid 5p / TP 3p | seed 12 | slip 0.2p,2017-2020.05,9.3260000000706,-50.636548483934895,90.72731792187855,1.0,0.6638246046713931,24.660000000000352
robust,vantage_pro_ecn_reference,grid 5p / TP 3p | seed 12 | slip 0.5p,2017-2020.05,10.253999999840904,-49.22323275961267,89.77717960237165,1.0,0.38341593545675295,14.190000000000023
robust,vantage_pro_ecn_reference,grid 5p / TP 3p | seed 13 | slip 0.2p,2017-2020.05,7.906000000069724,-53.004335691266355,92.51205567977077,1.0,0.7164727629729175,26.34000000000041
robust,vantage_pro_ecn_reference,grid 5p / TP 3p | seed 13 | slip 0.5p,2017-2020.05,10.253999999840904,-49.22323275961267,89.77717960237165,1.0,0.38341593545675295,14.190000000000023
tpe_best,vantage_pro_ecn_reference,TPE in-sample best (late-NY stretch),2017-2020.05,84.09200000001249,-5.025119018225976,17.29252316225131,0.0,0.12131966912959945,3.360000000000005
