cfg,case,final_usd,cagr,dd,killed,trades_day
is_rank1,base,92.98399999999948,-1.445173645716491,16.773218958216994,0.0,0.25168766720930313
is_rank1,seed 12,92.98399999999948,-1.445173645716491,16.773218958216994,0.0,0.25168766720930313
is_rank1,seed 13,92.98399999999948,-1.445173645716491,16.773218958216994,0.0,0.25168766720930313
is_rank1,seed 14,92.98399999999948,-1.445173645716491,16.773218958216994,0.0,0.25168766720930313
is_rank1,4-point OHLC path,92.98399999999948,-1.445173645716491,16.773218958216994,0.0,0.25168766720930313
is_rank1,slippage x2,93.02399999999948,-1.4366907820320685,16.809185976461524,0.0,0.2509179801536172
is_rank1,spread x1.5,92.9664999999751,-1.4488858164668161,15.073773152717033,0.0,0.1854945804203121
is_rank1,commission $10,93.770000000001,-1.2790174811610155,14.650390482446943,0.0,0.11699243246426325
is_rank2,base,92.95600000000076,-1.451113387207681,15.164200980168335,0.0,0.20550644386814662
is_rank2,seed 12,92.95600000000076,-1.451113387207681,15.164200980168335,0.0,0.20550644386814662
is_rank2,seed 13,92.95600000000076,-1.451113387207681,15.164200980168335,0.0,0.20550644386814662
is_rank2,seed 14,92.95600000000076,-1.451113387207681,15.164200980168335,0.0,0.20550644386814662
is_rank2,4-point OHLC path,92.95600000000076,-1.451113387207681,15.164200980168335,0.0,0.20550644386814662
is_rank2,slippage x2,93.58000000000095,-1.31908006088437,14.527550038930826,0.0,0.19319145097717155
is_rank2,spread x1.5,92.82649999998328,-1.4786033217021988,15.256091954033845,0.0,0.13161648652229616
is_rank2,commission $10,93.27600000000061,-1.3833157290810916,13.585116279070625,0.0,0.11545305835289135
is_rank3,base,92.95300000000198,-1.4517498729590628,14.855611242679108,0.0,0.20550644386814662
is_rank3,seed 12,92.95300000000198,-1.4517498729590628,14.855611242679108,0.0,0.20550644386814662
is_rank3,seed 13,92.95300000000198,-1.4517498729590628,14.855611242679108,0.0,0.20550644386814662
is_rank3,seed 14,92.95300000000198,-1.4517498729590628,14.855611242679108,0.0,0.20550644386814662
is_rank3,4-point OHLC path,92.95300000000198,-1.4517498729590628,14.855611242679108,0.0,0.20550644386814662
is_rank3,slippage x2,93.57200000000196,-1.3207683332643771,14.158910245818745,0.0,0.19396113803285747
is_rank3,spread x1.5,92.91049999997634,-1.4607685201434961,14.884426373116522,0.0,0.18934301569874182
is_rank3,commission $10,93.772000000001,-1.2785961152722458,12.950431556774058,0.0,0.11545305835289135
is_rank4,base,92.93700000000074,-1.455144741168135,15.218247606834609,0.0,0.20704581797951851
is_rank4,seed 12,92.93700000000074,-1.455144741168135,15.218247606834609,0.0,0.20704581797951851
is_rank4,seed 13,92.93700000000074,-1.455144741168135,15.218247606834609,0.0,0.20704581797951851
is_rank4,seed 14,92.93700000000074,-1.455144741168135,15.218247606834609,0.0,0.20704581797951851
is_rank4,4-point OHLC path,92.93700000000074,-1.455144741168135,15.218247606834609,0.0,0.20704581797951851
is_rank4,slippage x2,93.08500000000092,-1.423760030573129,14.780378326387567,0.0,0.19550051214422937
is_rank4,spread x1.5,92.82649999998328,-1.4786033217021988,15.256091954033845,0.0,0.13161648652229616
is_rank4,commission $10,93.27600000000061,-1.3833157290810916,13.585116279070625,0.0,0.11545305835289135
is_rank5,base,92.80999999999996,-1.482108103097901,15.621213363581719,0.0,0.20165800858971691
is_rank5,seed 12,92.80999999999996,-1.482108103097901,15.621213363581719,0.0,0.20165800858971691
is_rank5,seed 13,92.80999999999996,-1.482108103097901,15.621213363581719,0.0,0.20165800858971691
is_rank5,seed 14,92.80999999999996,-1.482108103097901,15.621213363581719,0.0,0.20165800858971691
is_rank5,4-point OHLC path,92.80999999999996,-1.482108103097901,15.621213363581719,0.0,0.20165800858971691
is_rank5,slippage x2,93.44500000000019,-1.3475851342762524,14.915133790691648,0.0,0.19011270275442776
is_rank5,spread x1.5,92.74249999998133,-1.496451037193136,15.619644608191907,0.0,0.1308467994666102
is_rank5,commission $10,93.46900000000049,-1.3425151592622253,13.64418062798255,0.0,0.11545305835289135
