sp,tp,cost,ret_yr,dd,final,trades_day,hold,win
20,1.0,raw,-40.54008726037186,92.55627088544284,7.443729114557158,0.29325076821634405,206.17520050778407,100.0
20,1.0,zero,295.4213462961567,52.869340746625205,96278.83000079326,1114.051971583334,114.78091096274235,100.0
20,2.0,raw,-36.49886269621493,90.42185258840742,10.33932278639578,0.29786889055045973,239.41949928327796,100.0
20,2.0,zero,287.95540522535964,62.26287628393736,87531.38999933912,775.5774707231069,186.78085712354488,100.0
20,3.0,raw,-37.300663382022655,91.64773382588243,9.703215190929411,0.2432211095967578,291.5054922427289,100.0
20,3.0,zero,255.12975878063378,61.20517928286723,56273.50000007395,645.9537039879816,235.27210336634883,100.0
20,5.0,raw,-40.85467675904293,94.27531779382517,7.249000000314764,0.39484945956688844,313.85988693953027,100.0
20,5.0,zero,-40.17178798296725,97.14917100339423,7.676997404949683,5.833458195043757,258.55686836446625,100.0
20,8.0,raw,-49.4012428783776,97.08797287719119,3.3233509539066795,0.25861485071047663,341.1911623732626,100.0
20,8.0,zero,-37.777533453243116,94.85710766207245,9.339999999857984,1.0336897157862206,310.47272652117704,100.0
20,12.0,raw,-37.725626154259714,92.61668396471686,9.37900000025643,0.3194201281096661,341.4162349310266,100.0
20,12.0,zero,-48.196154810410754,98.07440925267504,3.7381493177814384,1.0883374967399226,315.0821481690262,100.0
30,1.0,raw,-39.225422298993315,91.8616982768733,8.303301723126655,0.3371229303904428,191.56714694012297,100.0
30,1.0,zero,250.2760563535202,49.700000000000465,52533.76999926808,1029.328668928704,127.76539494764475,100.0
30,2.0,raw,-37.599904025272224,91.81004502675917,9.47400000016454,0.4571941110774498,238.58331634297093,100.0
30,2.0,zero,275.6286847357063,54.649598234345234,74488.64999932137,766.2511726693604,189.87087284151582,100.0
30,3.0,raw,-42.36355389374761,94.62196578670152,6.370819329075175,0.4425700570194169,275.2212224027347,100.0
30,3.0,zero,240.23578755319554,53.10439256724055,45428.010000105525,637.0353400737487,239.4055677851651,100.0
30,5.0,raw,-46.52955367026418,96.5433605857758,4.379000000229155,0.5695684212075973,310.118188301508,100.0
30,5.0,zero,-42.5044048853455,98.24363697252807,6.293399999999892,21.253368668655927,288.1291246998331,100.0
30,8.0,raw,-36.50909528541442,92.00615922668888,10.331000000207457,0.4710484780797967,328.04544618230693,100.0
30,8.0,zero,-40.85885490984856,96.18045464056515,7.246441455919532,2.1966868569276796,297.99744875476034,100.0
30,12.0,raw,-38.41991092940115,94.12427664218151,8.868000000194204,0.4864422191935156,334.1345143927385,100.0
30,12.0,zero,-49.32829594543927,98.15907067975333,3.347361783004299,1.4000607542927292,310.79401455189134,100.0
50,1.0,raw,-36.790760363494456,90.09295211193913,10.104000000077534,0.5280053202005565,193.56503135009274,100.0
50,1.0,zero,169.491353413693,41.534417291406186,14172.550000125648,949.700694582715,142.5056293719431,100.0
50,2.0,raw,-37.338487354380575,92.3566762762387,9.674000000096239,0.5534049930381926,254.4499545652121,100.0
50,2.0,zero,202.86104497539293,46.25156385333955,25397.48000014585,720.155384591385,205.2238621881895,100.0
50,3.0,raw,-39.112038560167214,93.60174139576279,8.381000000113644,0.5741865435417131,285.47797822729154,100.0
50,3.0,zero,209.14160842597659,45.34297402721528,28140.66999986413,627.2395329160337,244.28696449919588,100.0
50,5.0,raw,-49.863545262834876,97.54138644898269,3.174365127989992,0.6334524468295306,305.3324808367228,100.0
50,5.0,zero,165.61897945874188,43.76335097985042,13183.71999996918,554.1492804210409,285.0500151776313,100.0
50,8.0,raw,-39.57854768750491,95.44571505822668,8.065000000126703,0.5988165293236631,323.1343996176354,100.0
50,8.0,zero,-42.356879852690554,96.09093851925951,6.374506556643929,5.334700982959267,291.7931721023312,100.0
50,12.0,raw,-38.895503745158365,94.24327213056644,8.531000000133648,0.6119012092703242,327.4686597641021,100.0
50,12.0,zero,-37.02280894026628,95.01974420964116,9.91999999950145,6.062055250582482,301.23496455927807,100.0
75,1.0,raw,-49.857263419046895,96.87456030645477,3.1763531061534067,0.5318537554789862,202.92829278089965,100.0
75,1.0,zero,-41.083395120442766,94.59943449571226,7.110000000048685,7.284318295011759,134.8838971034545,100.0
75,2.0,raw,-45.913461360385774,95.90880233027409,4.63700000009093,0.587271223488374,257.90461416250736,100.0
75,2.0,zero,132.97288564148252,53.28802241685111,6846.019999969244,702.4487338753298,211.80857170892097,100.0
75,3.0,raw,-38.04376946787187,92.38701067605541,9.142000000115683,0.6319130727181587,283.8341308625037,100.0
75,3.0,zero,149.2145844947809,37.033379419319154,9587.199999993165,616.1937539798847,249.63714031650562,100.0
75,5.0,raw,-49.84953575640456,97.39275930512922,3.178800000000747,0.6449977526648197,304.5393800083438,100.0
75,5.0,zero,154.05191729154555,36.065734128927204,10553.88000000455,553.261831245835,285.7115911121684,100.0
75,8.0,raw,-37.0800834002764,94.6734022038588,9.875000000139357,0.7011849077298935,315.00607429851186,100.0
75,8.0,zero,-37.26940580885437,95.11231875720588,9.727411723813889,18.323939734715232,324.18977868247566,100.0
75,12.0,raw,-38.00178343774475,95.6064844459752,9.17300000017463,0.8189470272498427,319.421553298859,100.0
75,12.0,zero,-42.49815361175662,96.36693976459844,6.296820000000572,11.786217883718836,301.5145790166557,100.0
100,1.0,raw,-37.33459914437389,91.50518341302745,9.677000000051645,0.5226175108107549,215.24289093333115,100.0
100,1.0,zero,-48.84441867024979,96.63325462377497,3.5101687292518164,5.841155065600617,138.07049341352996,100.0
100,2.0,raw,-43.72201785567207,95.17597174491671,5.655000000063993,0.5703381082632833,259.55867099729926,100.0
100,2.0,zero,-47.58115681737033,96.67066981092582,3.9652322551850006,22.348633348897025,197.24221936373831,100.0
100,3.0,raw,-36.54849974169624,91.67228061750312,10.299000000067712,0.5687987341519114,293.9913160900677,100.0
100,3.0,zero,-40.01200434634198,96.57530851990185,7.779999999381946,42.07263383790498,255.42130067385787,100.0
100,5.0,raw,-37.34756359667427,92.53343980827225,9.667000000084565,0.6503855620546213,307.294914023513,100.0
100,5.0,zero,117.71848840679708,37.838402115753425,4880.619999992503,551.4099641898546,286.87472767588855,100.0
100,8.0,raw,-49.38582623192107,97.38076906838288,3.3284138986617258,0.668088364335398,318.2955117614342,100.0
100,8.0,zero,100.4918565599104,80.25507998328685,3232.869999991715,527.4472970851841,303.80342426835847,100.0
100,12.0,raw,-38.30637957052112,94.42221369079611,8.950000000090665,0.7304330158459593,322.7158778124929,100.0
100,12.0,zero,89.1086931720273,80.96320575194248,2413.999999992722,520.3169162013096,309.4738062738198,100.0
150,1.0,raw,-49.38236938499902,96.69251095195034,3.3295500000003013,0.5087631438084079,212.88450022412636,100.0
150,1.0,zero,-48.915452063892104,96.62547918683464,3.485879999999808,3.5690388772157147,144.47017209840402,100.0
150,2.0,raw,-36.56083371723583,90.71382225616334,10.289000000064624,0.5634109247621099,259.91547924353154,100.0
150,2.0,zero,-37.65800725379115,91.9282089832613,9.43000000001349,5.6025520783379745,193.30663787744714,100.0
150,3.0,raw,-37.38132144703129,90.94583211071445,9.64100000006759,0.5333931295903581,294.7834393851191,100.0
150,3.0,zero,-36.93412704133129,91.09784106563444,9.990000000056945,12.087935209547725,220.11338290245004,100.0
150,5.0,raw,-36.52139867800043,90.88845743654416,10.321000000091647,0.6003559034350351,313.2985134423542,100.0
150,5.0,zero,-38.347818544817194,94.11563929271246,8.920000000106437,32.87025540012385,301.5571992572432,100.0
150,8.0,raw,-36.51524579045243,91.22416372034246,10.326000000096839,0.6627005549455964,317.68099466978066,100.0
150,8.0,zero,80.94469793017123,65.07411693387913,1936.2700000014934,527.2364028319262,303.972508629543,100.0
150,12.0,raw,-36.673515805433624,92.23504635601209,10.19800000009737,0.6673186772797121,324.76743016528326,100.0
150,12.0,zero,68.40484339942839,72.87086322604483,1352.3900000010478,520.2376384345739,309.53308827664773,100.0
