cell,cost_pct_of_raw,roundtrip_pips,ret_yr,dd
grid 2p / TP 1p,0,0.0,295.4,53.0
grid 2p / TP 1p,10,0.13,232.0,53.0
grid 2p / TP 1p,20,0.26,-41.8,94.0
grid 2p / TP 1p,35,0.45,-37.8,92.0
grid 2p / TP 1p,50,0.65,-38.1,93.0
grid 2p / TP 1p,100,1.3,-40.5,93.0
grid 2p / TP 2p,0,0.0,288.0,62.0
grid 2p / TP 2p,10,0.13,-37.6,94.0
grid 2p / TP 2p,20,0.26,-39.6,95.0
grid 2p / TP 2p,35,0.45,-37.3,93.0
grid 2p / TP 2p,50,0.65,-37.1,93.0
grid 2p / TP 2p,100,1.3,-36.5,90.0
grid 3p / TP 2p,0,0.0,275.6,55.0
grid 3p / TP 2p,10,0.13,-38.4,94.0
grid 3p / TP 2p,20,0.26,-39.6,95.0
grid 3p / TP 2p,35,0.45,-36.7,92.0
grid 3p / TP 2p,50,0.65,-40.8,94.0
grid 3p / TP 2p,100,1.3,-37.6,92.0
grid 5p / TP 3p,0,0.0,209.1,45.0
grid 5p / TP 3p,10,0.13,146.4,46.0
grid 5p / TP 3p,20,0.26,-38.2,96.0
grid 5p / TP 3p,35,0.45,-37.4,93.0
grid 5p / TP 3p,50,0.65,-37.7,92.0
grid 5p / TP 3p,100,1.3,-39.1,94.0
grid 7.5p / TP 5p,0,0.0,154.1,36.0
grid 7.5p / TP 5p,10,0.13,-38.3,94.0
grid 7.5p / TP 5p,20,0.26,-48.7,97.0
grid 7.5p / TP 5p,35,0.45,-40.1,96.0
grid 7.5p / TP 5p,50,0.65,-36.6,94.0
grid 7.5p / TP 5p,100,1.3,-49.8,97.0
