BaseLot,MaxTotalLots,RefCapital,NewsCloseMin,FlatLayers,LotIncrement,LotIncEvery,GridSpacingPts,TP_Pips,MaxLayers,EmergencyCloseDD_Pct,MaxEquityDD_Pct,HaltCooldownMin,NewsFilter,NewsBeforeMin,NewsAfterMin,NewsPauseLayers,NewsCloseMode,CloseOnFriday,FridayCloseHour,MaxSpreadPts,UseTimeFilter,Hours,is_final_equity,oos_final_equity,is_cagr_pct,oos_cagr_pct,is_max_dd_pct,oos_max_dd_pct,is_min_equity,oos_min_equity,is_wins,oos_wins,is_losses,oos_losses,is_basket_stops,oos_basket_stops,is_stopouts,oos_stopouts,is_max_layers_used,oos_max_layers_used,is_grids_hit_max,oos_grids_hit_max,is_swap,oos_swap,is_score,oos_score,is_ruined,oos_ruined
0.03,100.0,0,15,99,0.0,1,170,28.5,13,20,5,1440,1,60,120,1,1,0,18,0,1,"2,4,11,13,14,15,16,17,18,21,22",27343.430000004846,12706.000000002081,22.298864351805705,7.386724242776843,22.71162476014643,28.33474127571331,8831.710000000081,8432.550000000381,1236.0,496.0,0.0,0.0,10.0,6.0,0.0,0.0,13.0,13.0,67.0,30.0,0.0,0.0,22.298864351805705,0.7172416913502246,0,0
0.03,100.0,0,15,99,0.0,1,200,27.5,13,20,5,1440,1,120,30,1,1,0,20,0,1,"9,10,11,12,13,14,15,16,17,18,19,20,21,22,23",27230.210000003433,11714.560000001326,22.197356296393966,4.8217099730549995,22.62186663677311,31.2467922225083,8949.520000000053,8425.960000000488,1462.0,547.0,0.0,0.0,10.0,6.0,0.0,0.0,13.0,13.0,61.0,26.0,0.0,0.0,22.197356296393966,-7.671874471961602,0,0
0.03,100.0,0,15,99,0.0,1,170,27.0,13,20,5,1440,1,60,120,1,1,0,20,0,1,"2,4,11,13,14,15,16,17,18,21,22",26617.34000000492,13278.810000001882,21.64194889772084,8.805106056724332,22.574381702016623,27.856307917459084,8829.910000000082,8449.260000000357,1317.0,516.0,0.0,0.0,10.0,5.0,0.0,0.0,13.0,13.0,66.0,24.0,0.0,0.0,21.64194889772084,3.0924902218061643,0,0
0.03,100.0,0,15,99,0.0,1,190,29.5,11,50,5,1440,1,30,120,1,1,0,20,0,0,,26077.28000000234,6532.020000000768,21.143980963447717,-11.902724941622067,24.481656093904387,75.3364840384532,9155.680000000042,2889.030000000541,746.0,220.0,0.0,0.0,1.0,2.0,0.0,0.0,11.0,11.0,60.0,21.0,0.0,0.0,21.143980963447717,-112.57569301852845,0,0
0.03,100.0,0,15,99,0.0,1,190,29.5,11,50,5,1440,1,30,120,1,1,0,20,0,0,,26077.28000000234,6532.020000000768,21.143980963447717,-11.902724941622067,24.481656093904387,75.3364840384532,9155.680000000042,2889.030000000541,746.0,220.0,0.0,0.0,1.0,2.0,0.0,0.0,11.0,11.0,60.0,21.0,0.0,0.0,21.143980963447717,-112.57569301852845,0,0
0.03,100.0,0,15,99,0.0,1,190,26.0,13,20,5,1440,1,60,30,1,1,0,22,0,1,"2,4,11,13,14,15,16,17,18,21,22",25820.270000003773,8249.99000000138,20.9041000199107,-5.563801177607952,23.348543573721138,57.42128285361775,8886.010000000053,4418.270000000388,1457.0,539.0,0.0,0.0,10.0,7.0,0.0,0.0,13.0,13.0,61.0,20.0,0.0,0.0,20.9041000199107,-70.40636688484345,0,0
0.03,100.0,0,15,99,0.0,1,180,27.0,13,20,5,1440,1,120,30,1,1,0,18,0,1,"2,4,11,13,14,15,16,17,18,21,22",25792.970000005105,8832.290000001638,20.878507435113434,-3.6275977067933174,22.72606775298054,52.53881292662207,8849.770000000071,4910.230000000144,1329.0,497.0,0.0,0.0,10.0,7.0,0.0,0.0,13.0,13.0,70.0,20.0,0.0,0.0,20.878507435113434,-58.70522356003746,0,0
0.03,100.0,0,15,99,0.0,1,190,29.0,13,20,5,240,1,30,120,1,1,0,20,0,1,"2,4,11,13,14,15,16,17,18,21,22",25758.290000004115,12736.9300000015,20.845965151990953,7.464447218150694,22.190799921252584,28.609548107798993,8891.110000000057,8416.920000000264,1250.0,516.0,0.0,0.0,10.0,6.0,0.0,0.0,13.0,13.0,65.0,22.0,0.0,0.0,20.845965151990953,0.2453510025527077,0,0
0.03,100.0,0,15,99,0.0,1,180,25.5,13,20,5,1440,1,60,30,1,1,0,22,0,1,"2,4,11,13,14,15,16,17,18,21,22",25679.24000000537,4496.560000001817,20.771656696793748,-21.167491569395423,22.87127186935919,74.0323475233925,8858.560000000065,2682.700000001604,1438.0,558.0,0.0,0.0,10.0,9.0,0.0,0.0,13.0,13.0,68.0,22.0,0.0,0.0,20.771656696793748,-119.23218661618043,0,0
0.03,100.0,0,15,99,0.0,1,180,26.5,13,20,5,1440,1,120,30,1,1,0,20,0,1,"2,4,11,13,14,15,16,17,18,21,22",25638.890000005118,4688.530000001716,20.733656397006417,-20.18064079970927,22.714478364359124,76.36906149830236,8870.170000000058,2442.4300000015287,1367.0,516.0,0.0,0.0,10.0,9.0,0.0,0.0,13.0,13.0,70.0,20.0,0.0,0.0,20.733656397006417,-122.91876379631398,0,0
0.03,100.0,0,15,99,0.0,1,200,27.5,13,20,5,1440,1,120,30,1,1,0,18,0,1,"2,4,11,13,14,15,16,17,18,21,22",25596.08000000314,12030.100000001308,20.693287014594098,5.654072656099229,22.773998239075922,32.0408287069951,8933.02000000005,8289.850000000455,1397.0,561.0,0.0,0.0,10.0,6.0,0.0,0.0,13.0,13.0,61.0,23.0,0.0,0.0,20.693287014594098,-8.42758475789097,0,0
0.03,100.0,0,15,99,0.0,1,190,28.0,13,20,5,240,1,120,120,1,0,0,22,0,1,"2,4,11,13,14,15,16,17,18,21,22",25585.520000003966,13584.90000000129,20.683320741669874,9.545483794018716,22.44772190770456,28.92169177981183,8888.47000000005,8346.150000000245,1313.0,546.0,0.0,0.0,10.0,5.0,0.0,0.0,13.0,13.0,65.0,20.0,0.0,0.0,20.683320741669874,1.702100234395056,0,0
0.03,100.0,0,15,99,0.0,1,180,27.5,13,20,5,1440,1,60,120,1,1,0,18,0,1,"2,4,11,13,14,15,16,17,18,21,22",25445.15000000476,13232.880000001795,20.550529369056726,8.692978188761913,23.00617624208187,29.37359945802148,8840.560000000067,8673.600000000359,1291.0,509.0,0.0,0.0,10.0,5.0,0.0,0.0,13.0,13.0,66.0,22.0,0.0,0.0,20.550529369056726,-0.05422072728104865,0,0
0.03,100.0,0,15,99,0.0,1,160,29.5,12,20,5,4320,1,120,120,1,1,0,20,0,1,"2,4,11,13,14,15,16,17,18,21,22",25404.520000005217,14858.820000002255,20.511983664998624,12.506729595834187,21.102539358977072,26.78657409694526,8927.980000000061,8743.140000000494,1102.0,477.0,0.0,0.0,10.0,5.0,0.0,0.0,12.0,12.0,83.0,37.0,0.0,0.0,20.511983664998624,8.93358140194367,0,0
0.03,100.0,0,15,99,0.0,1,190,28.0,13,20,5,1440,1,30,120,1,1,0,20,0,1,"2,4,11,13,14,15,16,17,18,21,22",25389.530000003928,13252.440000001348,20.497750190854514,8.740762940732294,22.19417207771484,28.911481662156994,8884.210000000054,8335.47000000025,1297.0,527.0,0.0,0.0,10.0,5.0,0.0,0.0,13.0,13.0,60.0,20.0,0.0,0.0,20.497750190854514,0.9177996164183053,0,0
0.03,100.0,0,15,99,0.0,1,200,27.5,13,20,5,240,1,30,120,1,0,0,22,0,1,"2,4,11,13,14,15,16,17,18,21,22",25042.790000003104,12666.16000000124,20.166618388112333,7.2864155381976214,23.402051055818383,28.365323829017086,8933.020000000051,8385.240000000209,1364.0,585.0,0.0,0.0,10.0,6.0,0.0,0.0,13.0,13.0,64.0,21.0,0.0,0.0,20.166618388112333,0.5557678801634491,0,0
0.03,100.0,0,15,99,0.0,1,190,26.5,13,20,5,60,1,120,120,1,0,0,22,0,1,"2,4,11,13,14,15,16,17,18,21,22",24460.340000004086,13123.200000001474,19.60203880167828,8.424108643402196,22.90653182118085,28.51983427211434,8885.620000000055,8350.170000000307,1391.0,566.0,0.0,0.0,10.0,5.0,0.0,0.0,13.0,13.0,65.0,20.0,0.0,0.0,19.60203880167828,1.3844400991735135,0,0
0.03,100.0,0,15,99,0.0,1,190,26.5,13,20,5,60,1,120,120,1,0,0,22,0,1,"2,4,11,13,14,15,16,17,18,21,22",24460.340000004086,13123.200000001474,19.60203880167828,8.424108643402196,22.90653182118085,28.51983427211434,8885.620000000055,8350.170000000307,1391.0,566.0,0.0,0.0,10.0,5.0,0.0,0.0,13.0,13.0,65.0,20.0,0.0,0.0,19.60203880167828,1.3844400991735135,0,0
0.03,100.0,0,15,99,0.0,1,190,29.5,11,20,5,240,1,30,120,1,0,0,18,25,0,,24415.070000003398,12514.380000001365,19.557708997005196,6.90222255172499,23.62371469492138,29.764939014552404,9155.680000000042,8272.44000000035,1169.0,451.0,0.0,0.0,10.0,5.0,0.0,0.0,11.0,11.0,85.0,33.0,0.0,0.0,19.557708997005196,-2.6276554773798173,0,0
0.03,100.0,0,15,99,0.0,1,160,30.0,16,20,5,240,1,30,120,1,0,0,22,0,1,"2,4,11,13,14,15,16,17,18,21,22",24400.800000007646,12785.130000002893,19.543721736715835,7.585303555100498,23.808893568213183,36.19691728196916,8654.20000000009,8594.400000001508,1441.0,549.0,0.0,0.0,17.0,8.0,0.0,0.0,16.0,16.0,69.0,25.0,0.0,0.0,19.543721736715835,-14.808531008837814,0,0
0.03,100.0,0,15,99,0.0,1,150,29.5,16,20,5,240,1,30,120,1,0,0,22,0,1,"2,4,11,13,14,15,16,17,18,21,22",25646.600000008486,12761.220000003268,20.740921115962507,7.525391869583564,25.600252695343993,35.99988661429028,8631.8500000001,8579.580000001732,1437.0,542.0,0.0,0.0,17.0,8.0,0.0,0.0,16.0,16.0,81.0,27.0,0.0,0.0,19.54041572527452,-14.474381358997,0,0
0.03,100.0,0,15,99,0.0,1,180,27.0,14,20,5,60,1,120,120,1,0,0,22,0,1,"2,4,11,13,14,15,16,17,18,21,22",24323.020000005214,10364.970000002017,19.4673676046309,1.072425155667367,24.832635517476024,43.79650305235912,8776.240000000078,7548.450000001625,1420.0,609.0,0.0,0.0,12.0,8.0,0.0,0.0,14.0,14.0,69.0,20.0,0.0,0.0,19.4673676046309,-36.520580949050874,0,0
0.03,100.0,0,15,99,0.0,1,190,30.0,16,20,5,240,1,30,120,1,0,0,22,0,1,"2,4,11,13,14,15,16,17,18,21,22",24314.71000000497,10418.73000000175,19.45919840136461,1.2281410972376117,24.583648764048434,42.040684745846896,8744.200000000073,7750.380000000925,1430.0,557.0,0.0,0.0,15.0,8.0,0.0,0.0,16.0,16.0,56.0,18.0,0.0,0.0,19.45919840136461,-32.85322839445618,0,0
0.03,100.0,0,15,99,0.0,1,190,29.0,11,50,5,1440,1,30,120,1,1,0,20,25,1,"2,4,11,13,14,15,16,17,18,21,22",25418.1800000024,7138.080000000729,20.524948413530385,-9.545690672860053,25.56137648806363,75.33717520810288,9031.090000000046,2967.510000000436,761.0,251.0,0.0,0.0,1.0,2.0,0.0,0.0,11.0,11.0,55.0,21.0,0.0,0.0,19.402195437403126,-110.2200410890658,0,0
0.03,100.0,0,15,99,0.0,1,200,25.0,14,20,5,60,1,120,120,1,0,0,22,25,1,"2,4,11,13,14,15,16,17,18,21,22",24163.720000003577,8042.160000001306,19.310376275741326,-6.278088517808178,23.992601882094615,53.064913368939735,8840.140000000063,5894.310000001154,1708.0,654.0,0.0,0.0,12.0,8.0,0.0,0.0,14.0,14.0,60.0,18.0,0.0,0.0,19.310376275741326,-62.40791525568765,0,0
0.03,100.0,0,15,99,0.0,1,150,27.5,13,20,5,1440,1,15,120,1,1,0,18,0,1,"2,4,11,13,14,15,16,17,18,21,22",26092.810000006695,10065.60000000277,21.15841524332971,0.19476212730991094,25.934365573318463,43.33548917526497,8818.960000000066,7946.58000000233,1322.0,526.0,0.0,0.0,12.0,8.0,0.0,0.0,13.0,13.0,86.0,37.0,0.0,0.0,19.289684096692785,-36.47621622322002,0,0
0.03,100.0,0,15,99,0.0,1,190,28.0,13,20,5,240,1,30,120,1,0,0,22,25,0,,24559.810000004185,12993.220000001384,19.699212908023345,8.10342413248839,25.20694260586973,29.606790616466682,9018.160000000054,8337.780000000252,1386.0,563.0,0.0,0.0,12.0,6.0,0.0,0.0,13.0,13.0,72.0,24.0,0.0,0.0,19.285327696283883,-1.1101571004449742,0,0
0.03,100.0,0,15,99,0.0,1,190,28.0,11,50,5,1440,1,30,120,1,1,0,20,25,1,"2,4,11,13,14,15,16,17,18,21,22",25147.55000000234,7091.1900000006935,20.267047302032594,-9.722918264803692,25.554912346320602,75.75098646350246,9032.590000000042,2911.710000000394,792.0,264.0,0.0,0.0,1.0,2.0,0.0,0.0,11.0,11.0,55.0,20.0,0.0,0.0,19.15722260939139,-111.22489119180861,0,0
0.03,100.0,0,15,99,0.0,1,160,29.5,12,20,5,240,1,120,120,1,1,0,22,0,1,"9,10,11,12,13,14,15,16,17,18,19",26412.120000005903,14228.340000002187,21.453684045526188,11.064459710297259,26.20497504380999,28.044103100488936,9000.73000000006,8489.220000000478,1253.0,456.0,0.0,0.0,12.0,5.0,0.0,0.0,12.0,12.0,91.0,34.0,0.0,0.0,19.043733957906205,4.9762535093193865,0,0
0.03,100.0,0,15,99,0.0,1,210,27.5,13,20,5,60,1,120,120,1,0,0,22,0,1,"2,4,11,13,14,15,16,17,18,21,22",23850.0200000031,12754.56000000114,18.99878650888056,7.508689757733511,24.21824077371542,28.888615018485254,8873.950000000114,8366.610000000235,1371.0,565.0,0.0,0.0,10.0,5.0,0.0,0.0,13.0,13.0,60.0,19.0,0.0,0.0,18.99878650888056,-0.26854027923699686,0,0
0.03,100.0,0,15,99,0.0,1,150,30.0,11,20,5,240,1,120,120,1,1,0,22,0,1,"9,10,11,12,13,14,15,16,17,18,19",23819.46000000531,12557.190000002098,18.96825717429229,7.010915217420877,20.8924958387409,26.065983386289194,9154.990000000062,7841.22000000046,1065.0,404.0,0.0,0.0,11.0,5.0,0.0,0.0,11.0,11.0,98.0,38.0,0.0,0.0,18.96825717429229,4.878948444842489,0,0
0.03,100.0,0,15,99,0.0,1,160,30.0,13,20,5,240,1,120,120,1,1,0,20,0,1,"2,4,11,13,14,15,16,17,18,21,22",25249.240000006022,14519.890000002466,20.364213568466383,11.736866325392882,25.757151333877264,27.70476497540099,8844.910000000069,9036.420000000438,1184.0,488.0,0.0,0.0,12.0,6.0,0.0,0.0,13.0,13.0,82.0,36.0,0.0,0.0,18.849910900711855,6.3273363745908995,0,0
0.03,100.0,0,15,99,0.0,1,210,28.5,11,20,5,240,1,30,120,1,1,0,20,0,1,"2,4,11,13,14,15,16,17,18,21,22",23575.84000000294,11072.880000001103,18.72375459144271,3.0791703826740457,18.947426097911755,31.357781984623003,9052.690000000048,8009.730000000225,1215.0,458.0,0.0,0.0,9.0,5.0,0.0,0.0,11.0,11.0,71.0,31.0,0.0,0.0,18.72375459144271,-9.636393586571959,0,0
0.03,100.0,0,15,99,0.0,1,150,29.0,16,20,5,240,1,30,120,1,0,0,22,25,1,"2,4,11,13,14,15,16,17,18,21,22",25383.590000008877,12644.640000003317,20.4921081153717,7.232140510330831,25.934270377865204,36.00721079057677,8627.500000000102,8597.700000001738,1478.0,553.0,0.0,0.0,17.0,8.0,0.0,0.0,16.0,16.0,79.0,27.0,0.0,0.0,18.623567359641292,-14.78228107082271,0,0
0.03,100.0,0,15,99,0.0,1,210,28.0,11,20,5,1440,1,30,120,1,1,0,20,0,1,"2,4,11,13,14,15,16,17,18,21,22",23294.320000002823,10927.860000000954,18.438684752252744,2.675576190644513,20.55581787596064,32.24413163224922,9074.590000000033,7914.170000000533,1246.0,466.0,0.0,0.0,9.0,5.0,0.0,0.0,11.0,11.0,70.0,29.0,0.0,0.0,18.438684752252744,-11.81268707385393,0,0
0.03,100.0,0,15,99,0.0,1,190,27.0,12,20,5,1440,1,60,120,0,1,0,22,0,1,"2,4,11,13,14,15,16,17,18,21,22",23095.24000000404,12851.130000001547,18.23542648272123,7.750273424588605,24.772264451242528,28.986073404404518,8952.580000000045,8307.550000000576,1292.0,537.0,0.0,0.0,10.0,5.0,0.0,0.0,12.0,12.0,72.0,25.0,0.0,0.0,18.23542648272123,-0.221873384220431,0,0
0.02,100.0,0,15,99,0.0,1,140,28.0,18,20,5,60,1,30,120,1,0,0,20,25,0,,22976.60000000725,12112.240000002857,18.113629114476005,5.868229386793189,24.826833547134104,29.606731692796362,9084.040000000095,8325.440000000628,1401.0,553.0,0.0,0.0,10.0,5.0,0.0,0.0,18.0,18.0,59.0,24.0,0.0,0.0,18.113629114476005,-3.345233998799536,0,0
0.02,100.0,0,15,99,0.0,1,130,20.5,15,40,5,240,1,30,120,1,0,0,20,25,0,,22956.500000005006,6722.560000001031,18.09294438536151,-11.145716799383887,23.786527611349417,44.85295030807261,9162.200000000084,6216.760000001033,1226.0,265.0,0.0,0.0,1.0,1.0,0.0,0.0,15.0,15.0,65.0,13.0,0.0,0.0,18.09294438536151,-50.851617415529105,0,0
0.02,100.0,0,15,99,0.0,1,180,29.0,15,15,5,4320,1,30,120,1,0,0,18,0,1,"2,4,11,13,14,15,16,17,18,21,22",22949.420000003356,12137.98000000144,18.08565497098311,5.935129145377038,16.867343030010083,20.905935634971588,9245.70000000004,8969.520000000342,1364.0,567.0,0.0,0.0,10.0,6.0,0.0,0.0,15.0,15.0,63.0,25.0,0.0,0.0,18.08565497098311,5.935129145377038,0,0
0.03,100.0,0,15,99,0.0,1,200,25.0,14,20,5,4320,1,30,120,1,0,0,22,0,1,"2,4,11,13,14,15,16,17,18,21,22",22916.53000000349,10931.860000001201,18.051768534327508,2.6867585873223243,25.032130928704838,36.22048484690401,8847.640000000065,9310.540000001127,1637.0,641.0,0.0,0.0,12.0,6.0,0.0,0.0,14.0,14.0,57.0,15.0,0.0,0.0,17.987506676917832,-19.75421110648569,0,0
