final_equity,max_dd_pct,ruined,baskets,cand,stress
304.9917000000754,21.102539358977072,0,15.0,A_recommended,"base (cent_swapfree: 1.2p spread, 0.2p slip)"
298.85610000004584,21.507917801760012,0,15.0,A_recommended,spread 1.6p
246.79429999997606,40.33046974166411,0,16.0,A_recommended,spread 2.0p + slip 0.5p
258.98300000007504,27.111471045908193,0,17.0,A_recommended,raw 0.2p + $7/lot
172.22650000006732,44.98911640536244,0,18.0,A_recommended,swap -7/-1 per lot-night
304.9917000000754,21.102539358977072,0,15.0,A_recommended,swap-free
211.23140000000572,16.006636525778354,0,1.0,B_slow_swapfree_only,"base (cent_swapfree: 1.2p spread, 0.2p slip)"
210.8332000000022,16.01338098983462,0,1.0,B_slow_swapfree_only,spread 1.6p
213.72739999998163,15.462509028386926,0,1.0,B_slow_swapfree_only,spread 2.0p + slip 0.5p
221.83100000000843,16.069188458940054,0,1.0,B_slow_swapfree_only,raw 0.2p + $7/lot
64.51780000000534,49.68179638107374,0,4.0,B_slow_swapfree_only,swap -7/-1 per lot-night
211.23140000000572,16.006636525778354,0,1.0,B_slow_swapfree_only,swap-free
0.5305159999999549,99.80775640554113,1,0.0,v612_live_settings,"base (cent_swapfree: 1.2p spread, 0.2p slip)"
0.7035654999999491,99.35429781032357,1,0.0,v612_live_settings,spread 1.6p
0.4086816000000282,99.62419253390415,1,0.0,v612_live_settings,spread 2.0p + slip 0.5p
0.5138719999999174,99.80018687569596,1,0.0,v612_live_settings,raw 0.2p + $7/lot
0.5305160000000231,99.80558598209115,1,0.0,v612_live_settings,swap -7/-1 per lot-night
0.5305159999999549,99.80775640554113,1,0.0,v612_live_settings,swap-free
