idx,spacing,tp,layers,basket,lot,base_score,base_cagr,base_dd,med_nb_score,med_nb_cagr,med_nb_dd,worst_nb_dd,nb_ruined,n
10,250,55.0,14,50,0.02,10.594881058111172,10.594881058111172,14.933975159340385,10.369320831396811,10.594881058111172,15.504612995182315,43.95858159564661,0,17
9,270,56.5,14,50,0.02,10.315256256790262,10.315256256790262,16.1617592737832,10.213278655213752,10.315256256790262,16.82773504266247,68.72108783153918,0,17
13,270,57.5,14,50,0.02,10.158552754266935,10.158552754266935,16.046145250834076,10.118055338305808,10.158552754266935,16.514936492695693,68.19207147604506,0,17
11,270,56.0,14,50,0.02,10.253193287597995,10.253193287597995,16.167122636499986,9.997445461703503,10.176929541580236,17.935502494883046,68.6717241921712,0,16
12,270,59.5,14,50,0.02,10.164553470602211,10.164553470602211,18.874955816262617,9.948758276399882,10.164553470602211,18.874955816262617,67.49416540086867,0,16
6,260,55.0,13,50,0.02,10.177882384034032,10.177882384034032,15.88347661568759,9.770222826660046,10.065350312998312,15.88347661568759,42.00508589731015,0,17
8,260,59.5,14,50,0.02,10.546503406094466,10.546503406094466,15.837407445470319,9.7163599969733,10.372763022826405,16.11821444953818,65.93529267810135,0,16
7,280,55.5,13,50,0.02,9.983962006440873,9.983962006440873,16.134088462984398,9.549539633577876,9.983962006440873,16.134088462984398,55.08185499055558,0,17
2,160,30.0,13,20,0.03,12.529228672283889,14.043531340038417,25.757151333877264,4.664984705552644,11.621358612696287,28.47818695357182,56.81800502213073,0,17
3,180,29.0,15,15,0.02,11.720067352378983,11.720067352378983,16.867343030010083,3.332770781821907,8.441694428777424,27.30514554212909,53.124600037621796,0,17
4,150,30.0,11,20,0.03,12.4672071743684,12.4672071743684,20.8924958387409,2.226121499558289,12.13890296073885,28.63532602501449,62.26932925282288,0,17
0,300,50.5,15,25,0.05,9.205146162685182,17.762408818007145,29.27863132766098,-1.7673485460634701,16.605766691040724,34.34193785032208,56.8225572996423,0,17
1,160,29.5,12,20,0.03,14.258547842065905,14.258547842065905,21.102539358977072,-3.7675959416170475,10.552156648087019,32.05204453275653,53.189931642240275,0,17
5,170,27.0,13,20,0.03,14.09727171717754,14.09727171717754,22.574381702016623,11.24223163115814,12.422548502077756,22.835175695184205,99.86829603430068,1,17
