variant,is_cagr,is_dd,oos_cagr,oos_dd,full_cagr,full_dd,ruined
base,20.511983664998624,21.102539358977072,12.506729595834187,26.78657409694526,14.258547842065905,21.102539358977072,0
GridSpacingPts -20,11.506948954772845,53.0219664905935,6.68933828824354,29.707719365929375,8.619057803192964,53.0219664905935,0
GridSpacingPts +20,16.01009513050502,32.05204453275653,4.305882701564223,30.718608386977493,10.336493123896018,32.05204453275653,0
TP_Pips -3.0,11.655898973172585,48.60136315373241,14.006556065793196,18.031797783458302,10.552156648087019,48.60136315373241,0
TP_Pips +3.0,17.981791529062075,25.822082406890885,12.442877220665082,29.636735353625948,13.08409882546464,25.822082406890885,0
MaxLayers -2,3.5329388991310218,47.10371807006278,3.3326538878418965,35.42289408713702,3.4598658558805173,47.10371807006278,0
MaxLayers +2,17.619196258175762,30.364098624765717,1.7605760245103852,38.12222046995305,10.664861751029209,30.364098624765717,0
EmergencyCloseDD_Pct -5,12.169533730309379,36.18084687763289,4.462792867924814,35.92376493633462,8.354697538408939,36.18084687763289,0
EmergencyCloseDD_Pct +5,14.49704260046838,28.109068346538518,3.7993073084661377,39.15695792744544,10.318933131767416,28.109068346538518,0
MaxEquityDD_Pct -2.5,11.77104983449546,45.21161675281717,6.815126062466481,32.769757183347096,8.73701575605146,45.21161675281717,0
MaxEquityDD_Pct +2.5,9.645914405412071,53.189931642240275,3.5639983971823552,29.70904524039578,6.79188575676537,53.189931642240275,0
NewsAfterMin -30,13.91785823246352,25.995248983389125,10.277069383394032,29.09115220737094,10.642916065941655,25.995248983389125,0
NewsAfterMin +30,19.099164536150305,23.44500459761433,6.440790661426443,27.07912037632147,12.365224036197686,23.44500459761433,0
NewsBeforeMin -15,20.557914121238973,21.03156228302843,12.506729595834187,26.78657409694526,14.280215511440453,21.03156228302843,0
NewsBeforeMin +15,20.531201010297018,21.0589728496771,12.498549907238289,26.78657409694526,14.265988607384239,21.0589728496771,0
BaseLot -0.01,8.475996757757432,32.671803559792075,5.796853266315205,16.164392263853088,6.600794935945542,32.671803559792075,0
BaseLot +0.01,23.175947301756917,35.096735812932344,0.9874640564572434,53.20279798163112,13.566430619184565,35.096735812932344,0
NewsPauseLayers -> 0,13.040000144428898,46.74419679172075,12.637548949287858,26.958918032483364,10.810779585712883,46.74419679172075,0
UseTimeFilter -> 0,9.455864346595423,56.637362550198546,10.709610319133178,26.017582809113517,8.679352575219967,56.637362550198546,0
NewsFilter -> 0,-6.055435763852069,97.19716007718773,3.493669453606163,34.65693361784081,-1.5462747837472146,97.19716007718773,1
