cand,start,final_equity,max_dd_pct,ruined,baskets
A_recommended,2012-01-01,134.79960000001148,16.835283926342978,0,2.0
A_recommended,2012-02-01,117.21660000001073,18.21097698819703,0,2.0
A_recommended,2012-03-01,119.30430000000976,21.25622959811288,0,2.0
A_recommended,2012-04-01,95.74170000000689,24.216686690788784,0,2.0
A_recommended,2012-05-01,105.9813000000067,25.156380491450008,0,2.0
A_recommended,2012-06-01,129.11960000000713,21.892291966287743,0,1.0
A_recommended,2012-07-01,115.87850000000537,25.281960069947452,0,1.0
A_recommended,2012-08-01,97.98070000000807,36.01205396535512,0,3.0
A_recommended,2012-09-01,95.66440000000777,39.950091544570924,0,3.0
A_recommended,2012-10-01,107.35440000000818,29.727008632210918,0,2.0
A_recommended,2012-11-01,93.09340000000724,24.25604550798556,0,3.0
A_recommended,2012-12-01,87.38800000000741,34.30257438230424,0,3.0
A_recommended,2013-01-01,128.830700000007,20.136842573626694,0,1.0
A_recommended,2013-02-01,112.59570000000852,21.87618164765089,0,2.0
A_recommended,2013-03-01,141.7001000000086,19.26491872251836,0,1.0
A_recommended,2013-04-01,137.07080000000772,21.271118213477205,0,1.0
A_recommended,2013-05-01,128.7866000000068,22.6497582396283,0,1.0
A_recommended,2013-06-01,122.35580000000634,24.134122803696844,0,1.0
A_recommended,2013-07-01,95.80440000000519,42.858230869640366,0,2.0
A_recommended,2013-08-01,107.84930000000583,24.87255666475387,0,1.0
A_recommended,2013-09-01,92.36840000000463,27.710053328065687,0,2.0
A_recommended,2013-10-01,98.77930000000525,25.57026497751603,0,1.0
A_recommended,2013-11-01,103.09700000000726,30.378773747987687,0,2.0
A_recommended,2013-12-01,111.25670000000822,31.567393009171518,0,2.0
A_recommended,2014-01-01,115.00670000000994,31.864153983048325,0,2.0
A_recommended,2014-02-01,101.76360000000975,33.391638386284015,0,3.0
A_recommended,2014-03-01,108.53610000001103,35.3490919096901,0,3.0
A_recommended,2014-04-01,85.63870000001043,37.65243592781832,0,4.0
A_recommended,2014-05-01,85.28770000001212,39.00709991190512,0,4.0
A_recommended,2014-06-01,100.42640000001279,25.69757174392481,0,4.0
A_recommended,2014-07-01,119.86340000001532,26.465496802518324,0,4.0
A_recommended,2014-08-01,108.62120000001443,27.77711022539223,0,4.0
A_recommended,2014-09-01,109.41800000001362,31.097665108668153,0,4.0
A_recommended,2014-10-01,142.84480000001577,24.51359819261952,0,3.0
A_recommended,2014-11-01,133.245400000015,26.19023896378987,0,3.0
A_recommended,2014-12-01,116.80880000001439,29.22608458624633,0,4.0
A_recommended,2015-01-01,109.16180000001275,43.425644545626305,0,4.0
A_recommended,2015-02-01,144.52990000001535,28.691645878039367,0,3.0
A_recommended,2015-03-01,133.158700000014,33.5154819779225,0,3.0
A_recommended,2015-04-01,150.80280000001417,28.93157698414756,0,2.0
A_recommended,2015-05-01,169.1252000000146,12.750507514404042,0,1.0
A_recommended,2015-06-01,148.88850000001338,15.087158709328797,0,2.0
A_recommended,2015-07-01,154.8099000000146,15.479407701956369,0,2.0
A_recommended,2015-08-01,138.99990000001154,18.23246294434869,0,2.0
A_recommended,2015-09-01,155.85530000001143,16.470936518337354,0,1.0
A_recommended,2015-10-01,154.36490000001083,18.09531326821622,0,1.0
A_recommended,2015-11-01,166.646500000011,13.819501929846883,0,0.0
A_recommended,2015-12-01,161.9614000000117,12.475801019838439,0,0.0
A_recommended,2016-01-01,146.8226000000105,13.909579515416803,0,1.0
A_recommended,2016-02-01,136.69820000001033,15.87534615795876,0,1.0
A_recommended,2016-03-01,148.06550000001076,14.009924509661536,0,1.0
A_recommended,2016-04-01,145.7987000000109,14.641872280449824,0,1.0
A_recommended,2016-05-01,117.50160000000977,17.944479330297153,0,2.0
A_recommended,2016-06-01,120.41280000000995,15.953464527889233,0,2.0
A_recommended,2016-07-01,116.69850000001003,16.25232438137385,0,2.0
A_recommended,2016-08-01,96.48490000000889,24.03235775485337,0,3.0
A_recommended,2016-09-01,96.85810000000924,26.29275341353073,0,3.0
A_recommended,2016-10-01,96.67300000000904,27.839157145005572,0,3.0
A_recommended,2016-11-01,100.02640000000926,28.826285326018493,0,3.0
A_recommended,2016-12-01,117.74130000001001,24.012181555315863,0,2.0
A_recommended,2017-01-01,101.33910000000819,26.78657409694526,0,2.0
A_recommended,2017-02-01,80.07670000000468,31.902320607209756,0,3.0
A_recommended,2017-03-01,87.19390000000763,30.431560501614936,0,3.0
A_recommended,2017-04-01,98.68090000000848,31.62588731111787,0,3.0
A_recommended,2017-05-01,111.08880000000849,20.188477350803105,0,2.0
A_recommended,2017-06-01,99.00100000000882,20.460740664924778,0,3.0
A_recommended,2017-07-01,102.0823000000085,22.14603083166282,0,3.0
A_recommended,2017-08-01,133.61850000001084,18.330990005194554,0,2.0
A_recommended,2017-09-01,131.62260000001032,19.258122290126735,0,2.0
A_recommended,2017-10-01,132.7440000000112,20.010293171888645,0,2.0
A_recommended,2017-11-01,117.08700000000987,21.642911391906136,0,2.0
A_recommended,2017-12-01,114.2775000000096,21.872193537738877,0,2.0
A_recommended,2018-01-01,106.11320000000472,29.081761854095905,0,1.0
A_recommended,2018-02-01,132.4028000000087,19.57675930021228,0,1.0
A_recommended,2018-03-01,118.13120000000701,21.60557093631197,0,1.0
A_recommended,2018-04-01,105.17660000000599,23.160352038431547,0,1.0
A_recommended,2018-05-01,113.00270000000585,29.681317740390096,0,1.0
A_recommended,2018-06-01,113.14850000000465,13.088530930720733,0,1.0
A_recommended,2018-07-01,98.89700000000364,17.44868146975928,0,1.0
A_recommended,2018-08-01,93.8515000000019,14.59916639502461,0,0.0
A_recommended,2018-09-01,91.73150000000241,19.556528178641162,0,1.0
A_recommended,2018-10-01,117.78310000000411,9.01680993655032,0,0.0
A_recommended,2018-11-01,130.3549000000055,8.94386140389202,0,0.0
A_recommended,2018-12-01,119.35810000000413,9.392385471406692,0,0.0
A_recommended,2019-01-01,118.28560000000287,10.01911235607441,0,0.0
A_recommended,2019-02-01,109.64920000000224,10.511227732597145,0,0.0
A_recommended,2019-03-01,104.09470000000161,13.68420957096886,0,0.0
A_recommended,2019-04-01,138.80290000000613,10.463018909814629,0,0.0
A_recommended,2019-05-01,135.96250000000572,10.724930981682238,0,0.0
B_slow_swapfree_only,2012-01-01,112.99480000000123,11.431843130972375,0,0.0
B_slow_swapfree_only,2012-02-01,109.27200000000128,15.813644911715889,0,0.0
B_slow_swapfree_only,2012-03-01,103.58760000000122,16.961409916641944,0,0.0
B_slow_swapfree_only,2012-04-01,96.8784000000009,18.040738436323903,0,0.0
B_slow_swapfree_only,2012-05-01,91.48840000000087,18.265577791737666,0,0.0
B_slow_swapfree_only,2012-06-01,95.12560000000111,20.811719662764006,0,0.0
B_slow_swapfree_only,2012-07-01,85.10860000000082,22.283246712640988,0,0.0
B_slow_swapfree_only,2012-08-01,81.36900000000072,25.3163703298179,0,0.0
B_slow_swapfree_only,2012-09-01,109.6548000000011,15.794583375179682,0,0.0
B_slow_swapfree_only,2012-10-01,110.36900000000112,15.843054438812281,0,0.0
B_slow_swapfree_only,2012-11-01,103.35760000000103,16.592033385693608,0,0.0
B_slow_swapfree_only,2012-12-01,108.98480000000099,9.914146442131344,0,0.0
B_slow_swapfree_only,2013-01-01,103.11620000000079,10.315320688695243,0,0.0
B_slow_swapfree_only,2013-02-01,109.0280000000007,12.446377514221444,0,0.0
B_slow_swapfree_only,2013-03-01,113.99820000000109,12.551001915173766,0,0.0
B_slow_swapfree_only,2013-04-01,108.403000000001,13.30759709515176,0,0.0
B_slow_swapfree_only,2013-05-01,101.83820000000088,14.000655666047242,0,0.0
B_slow_swapfree_only,2013-06-01,101.31380000000081,14.692660550458525,0,0.0
B_slow_swapfree_only,2013-07-01,97.56420000000074,15.427468700737801,0,0.0
B_slow_swapfree_only,2013-08-01,106.18540000000058,10.04872585998926,0,0.0
B_slow_swapfree_only,2013-09-01,97.6476000000006,11.285725983132167,0,0.0
B_slow_swapfree_only,2013-10-01,93.29080000000081,22.29937800568397,0,0.0
B_slow_swapfree_only,2013-11-01,90.01920000000071,24.335820921510276,0,0.0
B_slow_swapfree_only,2013-12-01,87.03940000000068,25.52588427786251,0,0.0
B_slow_swapfree_only,2014-01-01,77.6990000000006,28.965476842080008,0,0.0
B_slow_swapfree_only,2014-02-01,76.66040000000068,35.27558935592061,0,1.0
B_slow_swapfree_only,2014-03-01,81.67460000000086,35.23881372188475,0,1.0
B_slow_swapfree_only,2014-04-01,71.382600000001,40.599916824653555,0,1.0
B_slow_swapfree_only,2014-05-01,80.72100000000101,41.21977762756416,0,1.0
B_slow_swapfree_only,2014-06-01,82.55480000000102,44.26983631469465,0,1.0
B_slow_swapfree_only,2014-07-01,97.2024000000015,45.63557424760865,0,1.0
B_slow_swapfree_only,2014-08-01,106.7658000000017,45.981491957007904,0,1.0
B_slow_swapfree_only,2014-09-01,97.91940000000207,38.73605769997876,0,1.0
B_slow_swapfree_only,2014-10-01,99.23900000000222,40.12995067217457,0,1.0
B_slow_swapfree_only,2014-11-01,96.3552000000019,41.08693830815178,0,1.0
B_slow_swapfree_only,2014-12-01,83.24360000000193,42.705618029712525,0,1.0
B_slow_swapfree_only,2015-01-01,106.96940000000102,29.355281751639133,0,0.0
B_slow_swapfree_only,2015-02-01,135.8954000000017,18.114088944464957,0,0.0
B_slow_swapfree_only,2015-03-01,132.64680000000163,13.833142626770343,0,0.0
B_slow_swapfree_only,2015-04-01,142.84960000000152,14.227285961892786,0,0.0
B_slow_swapfree_only,2015-05-01,141.3052000000015,14.810923869661233,0,0.0
B_slow_swapfree_only,2015-06-01,133.0068000000014,15.81883174885117,0,0.0
B_slow_swapfree_only,2015-07-01,137.08980000000102,16.957190044804875,0,0.0
B_slow_swapfree_only,2015-08-01,129.64140000000083,18.938628215859232,0,0.0
B_slow_swapfree_only,2015-09-01,141.20600000000124,13.152164314688497,0,0.0
B_slow_swapfree_only,2015-10-01,137.68360000000115,13.778592222403779,0,0.0
B_slow_swapfree_only,2015-11-01,142.72980000000132,7.234572500965626,0,0.0
B_slow_swapfree_only,2015-12-01,142.78020000000157,7.483095148887249,0,0.0
B_slow_swapfree_only,2016-01-01,147.05540000000144,7.9512407818154305,0,0.0
B_slow_swapfree_only,2016-02-01,145.42680000000138,7.163291703568085,0,0.0
B_slow_swapfree_only,2016-03-01,144.38420000000121,5.427932543806904,0,0.0
B_slow_swapfree_only,2016-04-01,142.21100000000126,5.697443708380217,0,0.0
B_slow_swapfree_only,2016-05-01,140.71660000000114,6.383603383428747,0,0.0
B_slow_swapfree_only,2016-06-01,132.95160000000112,6.819629615997573,0,0.0
B_slow_swapfree_only,2016-07-01,122.90300000000107,9.296118412370125,0,0.0
B_slow_swapfree_only,2016-08-01,112.6844000000011,15.87744398896048,0,0.0
B_slow_swapfree_only,2016-09-01,108.88260000000103,19.552906934752055,0,0.0
B_slow_swapfree_only,2016-10-01,112.13920000000108,19.820824655224936,0,0.0
B_slow_swapfree_only,2016-11-01,114.469400000001,20.27228767854402,0,0.0
B_slow_swapfree_only,2016-12-01,105.53920000000103,21.181938800481056,0,0.0
B_slow_swapfree_only,2017-01-01,97.51880000000094,22.478583706833575,0,0.0
B_slow_swapfree_only,2017-02-01,85.18400000000096,25.72756613355781,0,0.0
B_slow_swapfree_only,2017-03-01,87.62880000000098,26.34320833987459,0,0.0
B_slow_swapfree_only,2017-04-01,83.50160000000096,27.92909082230077,0,0.0
B_slow_swapfree_only,2017-05-01,93.53200000000102,23.413059654232686,0,0.0
B_slow_swapfree_only,2017-06-01,99.04680000000099,18.327694709945387,0,0.0
B_slow_swapfree_only,2017-07-01,102.62960000000095,16.771015285419402,0,0.0
B_slow_swapfree_only,2017-08-01,120.1572000000011,14.829078921017198,0,0.0
B_slow_swapfree_only,2017-09-01,110.40240000000114,15.654832571679329,0,0.0
B_slow_swapfree_only,2017-10-01,105.23260000000101,16.421888268834014,0,0.0
B_slow_swapfree_only,2017-11-01,99.03780000000081,17.06223301487126,0,0.0
B_slow_swapfree_only,2017-12-01,101.42180000000087,13.405261310713602,0,0.0
B_slow_swapfree_only,2018-01-01,103.50300000000084,11.539204742652649,0,0.0
B_slow_swapfree_only,2018-02-01,107.34380000000093,14.47613336831165,0,0.0
B_slow_swapfree_only,2018-03-01,101.78100000000067,15.191940682584537,0,0.0
B_slow_swapfree_only,2018-04-01,94.51500000000055,15.93046183335013,0,0.0
B_slow_swapfree_only,2018-05-01,104.0812000000006,9.71206024022917,0,0.0
B_slow_swapfree_only,2018-06-01,114.75780000000071,6.825682776945036,0,0.0
B_slow_swapfree_only,2018-07-01,113.18300000000067,7.139842917271463,0,0.0
B_slow_swapfree_only,2018-08-01,104.76180000000062,7.414270198800595,0,0.0
B_slow_swapfree_only,2018-09-01,101.16080000000045,7.5850176886336165,0,0.0
B_slow_swapfree_only,2018-10-01,116.38940000000082,4.601667488265407,0,0.0
B_slow_swapfree_only,2018-11-01,119.92920000000089,4.635262270715506,0,0.0
B_slow_swapfree_only,2018-12-01,116.44800000000079,4.783859893288249,0,0.0
B_slow_swapfree_only,2019-01-01,116.41320000000069,4.966449640652595,0,0.0
B_slow_swapfree_only,2019-02-01,111.64860000000054,5.121848276874511,0,0.0
B_slow_swapfree_only,2019-03-01,106.66920000000056,8.355807263574217,0,0.0
B_slow_swapfree_only,2019-04-01,103.39560000000041,10.309814294474604,0,0.0
B_slow_swapfree_only,2019-05-01,106.25240000000036,10.425270016381463,0,0.0
v612_live_settings,2012-01-01,0.5305159999999549,99.80775640554113,1,0.0
v612_live_settings,2012-02-01,0.5368880000000792,99.69432788778084,1,0.0
v612_live_settings,2012-03-01,0.7251749999998915,99.315809386151,1,0.0
v612_live_settings,2012-04-01,0.7199829999998099,99.32961228328297,1,0.0
v612_live_settings,2012-05-01,0.7010299999998765,99.36964989641505,1,0.0
v612_live_settings,2012-06-01,-1.3993824999426123,100.64543739605216,1,0.0
v612_live_settings,2012-07-01,0.673199999999995,99.43624529869042,1,0.0
v612_live_settings,2012-08-01,0.6972350000000228,99.56083060073514,1,0.0
v612_live_settings,2012-09-01,0.7200655000000299,99.3572289984754,1,0.0
v612_live_settings,2012-10-01,0.43149120000002156,99.84771859092194,1,0.0
v612_live_settings,2012-11-01,0.40627840000001925,99.60053134220938,1,0.0
v612_live_settings,2012-12-01,0.7483079999998802,99.55214790751265,1,0.0
v612_live_settings,2013-01-01,0.7255214999999055,99.32307431779971,1,0.0
v612_live_settings,2013-02-01,0.43004800000001075,99.59568389017748,1,0.0
v612_live_settings,2013-03-01,1.0455984000001024,99.76072408992194,1,0.0
v612_live_settings,2013-04-01,0.5125359999999173,99.76464299883935,1,0.0
v612_live_settings,2013-05-01,0.5125359999999941,99.60302224081124,1,0.0
v612_live_settings,2013-06-01,0.9906819999998965,99.41352938355865,1,0.0
v612_live_settings,2013-07-01,0.7222379999998415,99.45426354011875,1,0.0
v612_live_settings,2013-08-01,0.7447110000000225,99.52157782548886,1,0.0
v612_live_settings,2013-09-01,1.0425954000001005,99.18571281293514,1,0.0
v612_live_settings,2013-10-01,0.5405480000001234,99.58944297561723,1,0.0
v612_live_settings,2013-11-01,0.743660500000023,99.32015020203691,1,0.0
v612_live_settings,2013-12-01,0.5351440000000256,99.82464655308586,1,0.0
v612_live_settings,2014-01-01,0.5260960000000456,99.47880634749544,1,0.0
v612_live_settings,2014-02-01,0.4335935999999908,99.80113587216017,1,0.0
v612_live_settings,2014-03-01,0.5417200000000162,99.68738819217,1,0.0
v612_live_settings,2014-04-01,0.3102912000000013,99.74801017408345,1,0.0
v612_live_settings,2014-05-01,0.3102912000000339,99.71142547581738,1,0.0
v612_live_settings,2014-06-01,0.5169199999999989,99.6987944084795,1,0.0
v612_live_settings,2014-07-01,0.40127360000001433,99.71201155187408,1,0.0
v612_live_settings,2014-08-01,0.41362559999997983,99.64517311752235,1,0.0
v612_live_settings,2014-09-01,0.7095329999999143,99.30605033370638,1,0.0
v612_live_settings,2014-10-01,0.681372999999858,99.62754067068323,1,0.0
v612_live_settings,2014-11-01,0.6360145000000957,99.7537177700971,1,0.0
v612_live_settings,2014-12-01,0.648823999999851,99.37117148899316,1,0.0
v612_live_settings,2015-01-01,0.6199434999999411,99.67531056494326,1,0.0
v612_live_settings,2015-02-01,0.5920309999999114,99.67613431844636,1,0.0
v612_live_settings,2015-03-01,0.6040980000000132,99.42788115496231,1,0.0
v612_live_settings,2015-04-01,0.4227160000000444,99.64910690420578,1,0.0
v612_live_settings,2015-05-01,0.5977729999999616,99.62365324671995,1,0.0
v612_live_settings,2015-06-01,0.8377137999999917,99.40503411303412,1,0.0
v612_live_settings,2015-07-01,575.6875854006956,98.4377360232617,1,0.0
v612_live_settings,2015-08-01,0.6355470000000099,99.60679115193959,1,0.0
v612_live_settings,2015-09-01,0.617782000000032,99.63027234843766,1,0.0
v612_live_settings,2015-10-01,0.8298366999999331,99.45870636673565,1,0.0
v612_live_settings,2015-11-01,622.2409854008816,93.98647065603518,1,0.0
v612_live_settings,2015-12-01,855.1405000009541,56.973129956591826,0,0.0
v612_live_settings,2016-01-01,0.5712299999999257,99.61324507382045,1,0.0
v612_live_settings,2016-02-01,783.1660000009509,60.85730358970199,0,0.0
v612_live_settings,2016-03-01,0.6197070000000172,99.5819767010464,1,0.0
v612_live_settings,2016-04-01,715.619300000883,69.76995625237473,0,0.0
v612_live_settings,2016-05-01,857.6266000008214,87.7853038247099,1,0.0
v612_live_settings,2016-06-01,0.6169624999999621,99.4160217590078,1,0.0
v612_live_settings,2016-07-01,355.9035000006447,83.31493226108094,0,0.0
v612_live_settings,2016-08-01,0.3538944000000119,99.81359596404394,1,0.0
v612_live_settings,2016-09-01,0.35389440000002437,99.77609952751769,1,0.0
v612_live_settings,2016-10-01,0.5862450000000663,99.58179353697541,1,0.0
v612_live_settings,2016-11-01,0.3762400000000335,99.93349923175217,1,0.0
v612_live_settings,2016-12-01,0.5957050000000379,99.48084357635382,1,0.0
v612_live_settings,2017-01-01,0.6378900000000806,99.83760673534023,1,0.0
v612_live_settings,2017-02-01,0.6341060000000766,99.7958643362178,1,0.0
v612_live_settings,2017-03-01,-5.447262199999209,103.8536696176777,1,0.0
v612_live_settings,2017-04-01,0.8651565999999753,99.43387621212015,1,0.0
v612_live_settings,2017-05-01,0.36023040000001405,99.68951490150994,1,0.0
v612_live_settings,2017-06-01,0.35303539999997186,99.73174152202053,1,0.0
v612_live_settings,2017-07-01,0.6818790000000505,99.82624834180433,1,0.0
v612_live_settings,2017-08-01,0.3993567999999419,99.88171029750099,1,0.0
v612_live_settings,2017-09-01,0.3993567999999412,99.85112653190569,1,0.0
v612_live_settings,2017-10-01,0.6735299999999922,99.70245802459503,1,0.0
v612_live_settings,2017-11-01,0.3775776000000208,99.79255357198792,1,0.0
v612_live_settings,2017-12-01,0.6766870000000546,99.54722027250288,1,0.0
v612_live_settings,2018-01-01,0.6766870000001041,99.4186947311273,1,0.0
v612_live_settings,2018-02-01,0.3634752000000259,99.88623585245529,1,0.0
v612_live_settings,2018-03-01,0.4683120000000051,99.81415423493682,1,0.0
v612_live_settings,2018-04-01,0.6370485000000323,99.7081163169414,1,0.0
v612_live_settings,2018-05-01,0.8629081999999698,99.35514105230241,1,0.0
v612_live_settings,2018-06-01,0.8770068999999763,99.60414676696101,1,0.0
v612_live_settings,2018-07-01,0.36347519999998823,99.77069156194631,1,0.0
v612_live_settings,2018-08-01,-2.2880999999728378,102.12178199640253,1,0.0
v612_live_settings,2018-09-01,0.862908199999979,99.51632813724012,1,0.0
v612_live_settings,2018-10-01,537.3888000005372,58.11013479317387,0,0.0
v612_live_settings,2018-11-01,510.7937000005069,86.62761540707615,1,0.0
v612_live_settings,2018-12-01,465.6712000004584,52.111984257922416,0,0.0
v612_live_settings,2019-01-01,385.76540000042297,75.16557746970798,0,0.0
v612_live_settings,2019-02-01,0.6158569999999266,99.39243744401439,1,0.0
v612_live_settings,2019-03-01,390.12530000039027,62.75918435268213,0,0.0
v612_live_settings,2019-04-01,0.6257459999999577,99.82473411652425,1,0.0
v612_live_settings,2019-05-01,0.6257460000000237,99.81601225514716,1,0.0
