cfg,year,ret,dd
A_recommended,2012,34.79960000001148,16.835283926342978
A_recommended,2013,28.830700000007003,20.136842573626694
A_recommended,2014,15.006700000009943,31.864153983048325
A_recommended,2015,9.161800000012743,43.425644545626305
A_recommended,2016,46.8226000000105,13.909579515416803
A_recommended,2017,1.3391000000081865,26.78657409694526
A_recommended,2018,6.113200000004726,29.081761854095905
A_recommended,2019,18.285600000002876,10.01911235607441
A_recommended,2020,12.716100000002562,12.551536141212729
A_recommended +swaps,2012,32.36750000001174,17.082806051494227
A_recommended +swaps,2013,17.16010000000614,21.966606319129845
A_recommended +swaps,2014,-26.019599999994604,38.8602502745446
A_recommended +swaps,2015,1.8763000000123764,43.66957521145199
A_recommended +swaps,2016,42.859000000010724,13.999281835729626
A_recommended +swaps,2017,-1.8765999999919236,27.458253355668766
A_recommended +swaps,2018,-1.2700999999951446,19.377593963842575
A_recommended +swaps,2019,8.480700000002695,12.285971256555055
A_recommended +swaps,2020,9.621000000002455,12.871100408364047
B_slow_swapfree_only,2012,12.994800000001238,11.431843130972375
B_slow_swapfree_only,2013,3.1162000000007906,10.315320688695243
B_slow_swapfree_only,2014,-22.300999999999405,28.965476842080008
B_slow_swapfree_only,2015,6.969400000001014,29.355281751639133
B_slow_swapfree_only,2016,47.055400000001434,7.9512407818154305
B_slow_swapfree_only,2017,-2.481199999999062,22.478583706833575
B_slow_swapfree_only,2018,3.5030000000008332,11.539204742652649
B_slow_swapfree_only,2019,16.413200000000682,4.966449640652595
B_slow_swapfree_only,2020,-3.459399999999735,12.149313858763106
B_slow_swapfree_only +swaps,2012,7.3356000000012855,12.584527708076267
B_slow_swapfree_only +swaps,2013,-3.149599999999264,11.46068980611
B_slow_swapfree_only +swaps,2014,-27.89279999999955,33.03154797661821
B_slow_swapfree_only +swaps,2015,-0.5845999999990581,30.569483956071654
B_slow_swapfree_only +swaps,2016,42.76540000000131,8.013301377615207
B_slow_swapfree_only +swaps,2017,-5.94059999999903,23.410627345594836
B_slow_swapfree_only +swaps,2018,-2.7309999999992174,14.007319478155095
B_slow_swapfree_only +swaps,2019,10.591200000000667,6.133959319404031
B_slow_swapfree_only +swaps,2020,-5.626599999999781,12.80942109948667
