bracket,period,n,P_W,P_L,P_amb,P_T,P_W_given_resolved,rw_value,gross_pips,gross_lo,gross_hi,net_pips,net_lo
TP 1 / grid 2 / 5m,2012-2016,3275400,0.5443729010197228,0.2774967942846675,0.03362001587592355,0.14451028881968614,0.6559785601435509,0.6666666666666666,-0.07931577822556005,-0.12974580203944533,-0.02888575441167466,-0.8793157782255601,-0.9297458020394453
TP 1 / grid 2 / 5m,2017-2020.05,2177964,0.5274903533759052,0.242170210343238,0.018689473287896403,0.2116499629929604,0.6809603156206356,0.6666666666666666,-0.03893888971534831,-0.06697309964719289,-0.010904679783503735,-0.8389388897153484,-0.8669730996471929
TP 3 / grid 5 / 5m,2012-2016,3275400,0.280698235330036,0.12094003785797154,0.0011787873236856568,0.5971829394883068,0.6983011807756179,0.625,-0.02537448861207786,-0.030089637906820565,-0.02065933931733538,-0.825374488612078,-0.8300896379068206
TP 3 / grid 5 / 5m,2017-2020.05,2177964,0.20759755441320427,0.07576387855813962,0.0005202106187246438,0.7161183564099315,0.7321983101616734,0.625,-0.011497664791520756,-0.013578507266419348,-0.009416822316622164,-0.8114976647915209,-0.8135785072664194
TP 1 / grid 2 / 30m,2012-2016,3275400,0.618920131892288,0.3400748000244245,0.03388227392074251,0.007122794162545033,0.6404228691264333,0.6666666666666666,-0.08142031507602115,-0.1322437259571349,-0.03059690419490741,-0.8814203150760211,-0.932243725957135
TP 1 / grid 2 / 30m,2017-2020.05,2177964,0.6345495150516721,0.3282561144261338,0.01894705330299307,0.018247317219201052,0.6559931569313197,0.6666666666666666,-0.039646798569673285,-0.06806737852416295,-0.011226218615183742,-0.8396467985696733,-0.868067378524163
TP 3 / grid 5 / 30m,2012-2016,3275400,0.5407971545460096,0.3056225193869451,0.0013680771814129572,0.15221224888563228,0.63869900505754,0.625,-0.018491878854491467,-0.02396418758014332,-0.013019570128839392,-0.8184918788544915,-0.8239641875801433
TP 3 / grid 5 / 30m,2017-2020.05,2177964,0.4942689594502021,0.26421924329327756,0.0006685142637803012,0.24084328299274002,0.6515166177175012,0.625,-0.003961681643957243,-0.006635738699078159,-0.001287624588835884,-0.8039616816439573,-0.8066357386990782
TP 5.3 / grid 7.5 / 45m,2012-2016,3275400,0.44270745557794466,0.28833119618977837,0.0004585699456554925,0.2685027782866215,0.6055207421202314,0.5859375,-0.008189381449594302,-0.011124229101789618,-0.005254533797398986,-0.8081893814495944,-0.8111242291017897
TP 5.3 / grid 7.5 / 45m,2017-2020.05,2177964,0.38058480305459597,0.2357210679331706,0.0003613466521944348,0.383332782360039,0.6174569775865754,0.5859375,0.0015150847305098747,-0.0007975338435344259,0.0038277033045541753,-0.7984849152694902,-0.8007975338435345
