bracket,period,trades,P_L,P_L_given_prev_L,P_5_streak_observed,P_5_streak_if_independent
TP 1 / grid 2 / 5m,2012-2016,1094529,0.3408763038713456,0.3594783154069027,0.007528379890820219,0.004602396818157764
TP 1 / grid 2 / 5m,2017-2020.05,656744,0.29394710876688634,0.3311456218142638,0.005210585619880013,0.002194552446828159
TP 3 / grid 5 / 5m,2012-2016,669084,0.14655708401336753,0.24979859064440796,0.0010521910683326358,6.76136026681562e-05
TP 3 / grid 5 / 5m,2017-2020.05,412003,0.09193622376536094,0.21321083478536354,0.0006383510639588931,6.568002459715114e-06
TP 1 / grid 2 / 30m,2012-2016,1016450,0.3886497122337547,0.3798599139840473,0.00899801858632923,0.008867307157556773
TP 1 / grid 2 / 30m,2017-2020.05,581987,0.36356310364320854,0.3597965867790859,0.007050034107525477,0.00635183212047855
TP 3 / grid 5 / 30m,2012-2016,386324,0.3526858284755801,0.3436965600252475,0.004913025471112032,0.0054568252559964135
TP 3 / grid 5 / 30m,2017-2020.05,194071,0.32067130070953415,0.3339707229283499,0.004761242251387407,0.003390786667980085
TP 5.3 / grid 7.5 / 45m,2012-2016,196846,0.35167084929335624,0.36569158540989527,0.006187703843691895,0.005378756096189065
TP 5.3 / grid 7.5 / 45m,2017-2020.05,98498,0.3031736685008833,0.34579063692987744,0.005604402298617175,0.0025612819823149545
