account,variant,grid,tp,stop,period,final_usd,cagr,max_dd,ruined,frozen,baskets_day,p_tp,prob_exit_share,stop_share,avg_hold_min,usd_per_basket,usd_per_year
vantage_raw_ecn,tp_stop,2.0,1.0,10,2012-2016,21.523000000044405,-26.46375994418484,78.55164029174048,0,1,0.28632358471517055,0.8575268817204301,0.0,0.1424731182795699,9.811484911161939,-0.21095967741923546,-15.704710077948196
vantage_raw_ecn,tp_stop,2.0,1.0,10,2017-2020.05,21.416300000043975,-36.78134643187876,78.71566289003788,0,1,0.5219034822933711,0.8771929824561403,0.0,0.1206140350877193,5.836457884965236,-0.17233267543850006,-23.38466609031449
vantage_raw_ecn,tp_stop,2.0,1.0,20,2012-2016,40.717000000020725,-16.457232034274416,59.28299999997928,0,1,0.31326263166417856,0.9213759213759214,0.0,0.07862407862407862,13.38095673625339,-0.14565847665842574,-11.86363300777558
vantage_raw_ecn,tp_stop,2.0,1.0,20,2017-2020.05,39.71730000001929,-24.025864145295696,60.320395624137845,0,1,0.5287706333761787,0.9264069264069265,0.0,0.07142857142857142,11.108110236106665,-0.13048203463199287,-17.93871770510855
vantage_raw_ecn,tp_stop,2.0,1.0,40,2012-2016,81.54400000000534,-4.000738908421219,18.45599999999466,0,1,0.08312620201408177,0.9537037037037037,0.0,0.046296296296296294,39.66215083834567,-0.17088888888883944,-3.693389517931267
vantage_raw_ecn,tp_stop,2.0,1.0,40,2017-2020.05,79.65430000001106,-6.545077337226779,20.42129976521213,0,1,0.24607291380060264,0.9674418604651163,0.0,0.027906976744186046,20.67574977351714,-0.09463116279064622,-6.054403150700706
vantage_raw_ecn,tp_stop,5.0,3.0,10,2012-2016,20.783000000067954,-26.976826289629663,79.21699999993204,0,1,0.3448198009473022,0.7589285714285714,0.0,0.24107142857142858,11.808232910381205,-0.17682366071413402,-15.852797867457458
vantage_raw_ecn,tp_stop,5.0,3.0,10,2017-2020.05,20.773300000064953,-37.35222642174351,79.30740113550657,0,1,0.5070246549472882,0.7607223476297968,0.0,0.23927765237020315,11.722839015116822,-0.17884130925493238,-23.576007809978876
vantage_raw_ecn,tp_stop,5.0,3.0,20,2012-2016,41.510500000015774,-16.133929804819026,58.969499999984066,0,1,0.3124929446084926,0.8423645320197044,0.0,0.15763546798029557,24.75591064990059,-0.14406280788173453,-11.704838871318003
vantage_raw_ecn,tp_stop,5.0,3.0,20,2017-2020.05,41.14730000002172,-23.221958698936085,58.897912296452006,0,1,0.5081691801277561,0.8468468468468469,0.0,0.15315315315315314,20.614880992655646,-0.1325511261260772,-17.513183243009856
vantage_raw_ecn,tp_stop,5.0,3.0,40,2012-2016,80.14160000000689,-4.333431583757763,19.85839999999311,0,1,0.09698056901642874,0.9126984126984127,0.0,0.0873015873015873,58.02091063037122,-0.15760634920629454,-3.9740358909233877
vantage_raw_ecn,tp_stop,5.0,3.0,40,2017-2020.05,80.86830000000798,-6.123478475773181,19.220557386866112,0,1,0.16938972670925206,0.918918918918919,0.0,0.08108108108108109,41.711304276832585,-0.12926824324318933,-5.69314522273873
vantage_raw_ecn,tp_stop,7.5,5.3,10,2012-2016,21.518300000116813,-26.46697376699898,79.0194599635676,0,1,0.3325048080563271,0.6504629629629629,0.0,0.34953703703703703,18.421361882773084,-0.18167060185158146,-15.705650635515754
vantage_raw_ecn,tp_stop,7.5,5.3,10,2017-2020.05,21.11530000011404,-37.04706484790221,78.90895470197863,0,1,0.43606409375827726,0.6430446194225722,0.0,0.3569553805774278,16.577227782285338,-0.20704645669261404,-23.474236630917055
vantage_raw_ecn,tp_stop,7.5,5.3,20,2012-2016,41.07650000001678,-16.310139261688516,58.92349999998322,0,1,0.31172325755280667,0.7703703703703704,0.0,0.22962962962962963,48.063280872857135,-0.1454901234567487,-11.791690358681404
vantage_raw_ecn,tp_stop,7.5,5.3,20,2017-2020.05,40.373900000027305,-23.654260280490426,60.098139015420685,0,1,0.5299151585566466,0.7775377969762419,0.0,0.2224622030237581,46.2779019670404,-0.1287820734340663,-17.74332894439741
vantage_raw_ecn,tp_stop,7.5,5.3,40,2012-2016,81.49750000000391,-4.011696508156282,20.757399999996622,0,1,0.10082900429485846,0.8702290076335878,0.0,0.1297709923664122,76.19103135716826,-0.14124045801523732,-3.702695034434796
vantage_raw_ecn,tp_stop,7.5,5.3,40,2017-2020.05,79.41760000000949,-6.627803655839903,20.673625330859796,0,1,0.1671006763483162,0.8698630136986302,0.0,0.13013698630136986,68.53919375021707,-0.14097534246568846,-6.124839519357532
vantage_raw_ecn,tp_stop,15.0,8.0,10,2012-2016,21.2458000000775,-26.654274430999603,78.83610427637338,0,1,0.5649502988734817,0.5408719346049047,0.0,0.4591280653950954,31.54277785800457,-0.10729455040861374,-15.760182963418968
vantage_raw_ecn,tp_stop,15.0,8.0,10,2017-2020.05,21.506900000075465,-36.701880038729286,78.49309999992454,0,1,0.7771325975377171,0.5360824742268041,0.0,0.4639175257731959,35.32807243379472,-0.11560103092772392,-23.357705655154017
vantage_raw_ecn,tp_stop,15.0,8.0,20,2012-2016,40.29880000003051,-16.62965535037737,60.15936727629258,0,1,0.24399079665244375,0.7066246056782335,0.0,0.29337539432176657,61.23514293788235,-0.18833186119864193,-11.947322620712466
vantage_raw_ecn,tp_stop,15.0,8.0,20,2017-2020.05,40.89420000004702,-23.362799024042957,59.59709927279623,0,1,0.43148599303640556,0.7188328912466844,0.0,0.28116710875331563,65.08182656809254,-0.15677931034470285,-17.5884998670282
vantage_raw_ecn,tp_stop,15.0,8.0,40,2012-2016,80.96780000000531,-4.136873181436684,21.29762688860605,0,1,0.10852587485171787,0.8226950354609929,0.0,0.1773049645390071,96.29384812916989,-0.13498014184393395,-3.8086978751176948
vantage_raw_ecn,tp_stop,15.0,8.0,40,2017-2020.05,81.5035000000098,-5.904655229361621,19.126499999989846,0,1,0.20029190658188586,0.8285714285714286,0.0,0.17142857142857143,140.20212901505977,-0.10569428571422974,-5.504124600133552
vantage_raw_ecn,floor_rw_0.25,2.0,1.0,10,2012-2016,21.17600000003776,-26.70255985677269,78.89743691948257,0,1,0.2832448364924268,0.8396739130434783,0.08695652173913043,0.07336956521739131,8.438449229224435,-0.21419565217381042,-15.77415124411351
vantage_raw_ecn,floor_rw_0.25,2.0,1.0,10,2017-2020.05,20.91200000004265,-37.22804416446942,79.21685549588295,0,1,0.5367823096394542,0.8635394456289979,0.10021321961620469,0.03624733475479744,4.23708026103289,-0.16863113006387495,-23.534733942927474
vantage_raw_ecn,floor_rw_0.25,2.0,1.0,20,2012-2016,40.36000000001693,-16.60433353620725,59.639999999983075,0,1,0.28709327177085653,0.900804289544236,0.0777479892761394,0.021447721179624665,12.419660065598089,-0.15989276139405648,-11.935075360285108
vantage_raw_ecn,floor_rw_0.25,2.0,1.0,20,2017-2020.05,41.59100000001505,-22.97651834655109,58.44847394973278,0,1,0.5127472808496278,0.9129464285714286,0.08482142857142858,0.002232142857142857,9.11285516975359,-0.13037723214282354,-17.381148529142703
vantage_raw_ecn,floor_rw_0.25,2.0,1.0,40,2012-2016,80.49330000000387,-4.2495626394265855,19.51669999999588,0,1,0.08851401140388337,0.9391304347826087,0.034782608695652174,0.017391304347826087,38.01954742303794,-0.1696234782608359,-3.903654167177958
vantage_raw_ecn,floor_rw_0.25,2.0,1.0,40,2017-2020.05,79.92200000000511,-6.451724378816337,20.15385383884813,0,1,0.1659561511678483,0.9517241379310345,0.04827586206896552,0.0,12.853003703643537,-0.1384689655172061,-5.974741909091548
vantage_raw_ecn,floor_rw_0.25,5.0,3.0,10,2012-2016,21.454000000052133,-26.51099808387849,78.54599999994787,0,1,0.30479607405163317,0.7222222222222222,0.17424242424242425,0.10353535353535354,11.137571366648077,-0.1983484848483532,-15.718518263725654
vantage_raw_ecn,floor_rw_0.25,5.0,3.0,10,2017-2020.05,21.317300000044476,-36.868451026624314,78.77547564494036,0,1,0.4520874462848281,0.7139240506329114,0.22531645569620254,0.060759493670886074,10.845719500925973,-0.19919670886064691,-23.414126168459585
vantage_raw_ecn,floor_rw_0.25,5.0,3.0,20,2012-2016,41.189300000017525,-16.264198351830693,58.86069999998272,0,1,0.31634137988692235,0.8126520681265207,0.15815085158150852,0.029197080291970802,18.638637577269222,-0.14309172749387464,-11.769116976712098
vantage_raw_ecn,floor_rw_0.25,5.0,3.0,20,2017-2020.05,40.84300000002113,-23.391364248518432,59.22185595842433,0,1,0.4635326980895073,0.8074074074074075,0.17777777777777778,0.014814814814814815,15.383072866000273,-0.1460666666666145,-17.603735786238296
vantage_raw_ecn,floor_rw_0.25,5.0,3.0,40,2012-2016,81.45560000000586,-4.02157441443064,18.54439999999414,0,1,0.11160462307446165,0.903448275862069,0.07586206896551724,0.020689655172413793,44.69364858314911,-0.12789241379306304,-3.7110800052190487
vantage_raw_ecn,floor_rw_0.25,5.0,3.0,40,2017-2020.05,78.92400000000531,-6.800874930233447,21.16272100688677,0,1,0.17511235261159164,0.8954248366013072,0.10457516339869281,0.0,34.84490813235053,-0.1377516339868934,-6.271723302919306
vantage_raw_ecn,floor_rw_0.25,7.5,5.3,10,2012-2016,20.952000000081995,-26.85838070601446,79.2083039762632,0,1,0.27862671415831114,0.5911602209944752,0.2569060773480663,0.15193370165745856,18.597281290121497,-0.2183646408837514,-15.818977818227808
vantage_raw_ecn,floor_rw_0.25,7.5,5.3,10,2017-2020.05,21.428300000081336,-36.77080753146104,78.59631423854427,0,1,0.4623881729090394,0.5891089108910891,0.29455445544554454,0.11633663366336634,15.332188943412039,-0.19448440594039273,-23.381095171740313
vantage_raw_ecn,floor_rw_0.25,7.5,5.3,20,2012-2016,41.122900000016436,-16.29122938002704,59.16709999998392,0,1,0.27554796593556735,0.7206703910614525,0.2346368715083799,0.0446927374301676,28.873966865743785,-0.16446117318431164,-11.782404854041678
vantage_raw_ecn,floor_rw_0.25,7.5,5.3,20,2017-2020.05,40.243300000020774,-23.727833541192744,60.32604291232684,0,1,0.4406421944801489,0.7168831168831169,0.2649350649350649,0.01818181818181818,25.22836307468867,-0.15521220779215383,-17.78219244142732
vantage_raw_ecn,floor_rw_0.25,7.5,5.3,40,2012-2016,81.365600000004,-4.042805622736223,18.86439999999625,0,1,0.10698650074034599,0.841726618705036,0.14388489208633093,0.014388489208633094,58.57558261642065,-0.13406043165464754,-3.729090682322473
vantage_raw_ecn,floor_rw_0.25,7.5,5.3,40,2017-2020.05,81.47900000000746,-5.913073105263045,19.169954552258826,0,1,0.12704229503193903,0.8288288288288288,0.17117117117117117,0.0,55.23987353488849,-0.16685585585578866,-5.511415225533827
vantage_raw_ecn,floor_rw_0.25,15.0,8.0,10,2012-2016,21.515300000043435,-26.469025436934967,79.80983593488905,0,1,0.4725878521911686,0.4495114006514658,0.4381107491856677,0.11237785016286644,16.945800156035475,-0.1278252442996035,-15.70625099143387
vantage_raw_ecn,floor_rw_0.25,15.0,8.0,10,2017-2020.05,21.553000000054215,-36.661535389084236,78.87699999994646,0,1,0.7988785759666076,0.44412607449856734,0.48567335243553006,0.07020057306590258,21.490404536110407,-0.11238825214891947,-23.34398737634725
vantage_raw_ecn,floor_rw_0.25,15.0,8.0,20,2012-2016,40.64950000003424,-16.484966035276937,59.81265447352073,0,1,0.22551830731598113,0.6518771331058021,0.28668941979522183,0.06143344709897611,35.95546882916096,-0.20256143344698213,-11.877141015600165
vantage_raw_ecn,floor_rw_0.25,15.0,8.0,20,2017-2020.05,41.54190000004997,-23.00358808914188,60.04624220701115,0,1,0.40516191388564343,0.655367231638418,0.3050847457627119,0.03954802259887006,56.85898538066842,-0.16513587570607352,-17.395759537586166
vantage_raw_ecn,floor_rw_0.25,15.0,8.0,40,2012-2016,78.04050000000593,-4.840701003483073,22.569007843836655,0,1,0.10621681368466004,0.7753623188405797,0.21014492753623187,0.014492753623188406,75.97804182854256,-0.1591268115941599,-4.39450515382603
vantage_raw_ecn,floor_rw_0.25,15.0,8.0,40,2017-2020.05,77.99420000001247,-7.1289674147847375,22.015799999987564,0,1,0.2197488346498405,0.78125,0.21354166666666666,0.005208333333333333,111.12477215547118,-0.11461354166660172,-6.548409976244933
vantage_raw_ecn,floor_model_0.25,2.0,1.0,10,2012-2016,21.43400000003629,-26.52471301340752,78.79379758437037,0,1,0.28093577532536895,0.8410958904109589,0.0821917808219178,0.07671232876712329,9.141604911061728,-0.21524931506839373,-15.722520636418391
vantage_raw_ecn,floor_model_0.25,2.0,1.0,10,2017-2020.05,20.84000000004267,-37.29243545879227,79.28841184650905,0,1,0.5436494607222616,0.8652631578947368,0.1031578947368421,0.031578947368421054,4.446311409565442,-0.16665263157885754,-23.55615945430583
vantage_raw_ecn,floor_model_0.25,2.0,1.0,20,2012-2016,39.75900000001582,-16.854342922727426,60.24099999998418,0,1,0.28555389765948463,0.9002695417789758,0.07547169811320754,0.02425876010781671,12.615158943506575,-0.16237466307273365,-12.055346659606816
vantage_raw_ecn,floor_model_0.25,2.0,1.0,20,2017-2020.05,40.571000000013186,-23.54354024374219,59.48748688744342,0,1,0.5608173384292804,0.9204081632653062,0.07346938775510205,0.006122448979591836,8.904973721998891,-0.12128367346936085,-17.68467660700335
vantage_raw_ecn,floor_model_0.25,2.0,1.0,40,2012-2016,80.29830000000379,-4.296027470643693,19.711699999995957,0,1,0.08928369845956932,0.9396551724137931,0.034482758620689655,0.017241379310344827,37.67750752849141,-0.16984224137927767,-3.9426773009012512
vantage_raw_ecn,floor_model_0.25,2.0,1.0,40,2017-2020.05,79.85000000000704,-6.476810764703944,20.235776012780782,0,1,0.18655760441627084,0.9570552147239264,0.04294478527607362,0.0,11.701333381403202,-0.12361963190179728,-5.996167420469333
vantage_raw_ecn,floor_model_0.25,5.0,3.0,10,2012-2016,20.97500000005463,-26.84232002836272,79.02499999994536,0,1,0.3086445093300629,0.7256857855361596,0.1546134663341646,0.11970074812967581,11.492549498459745,-0.19706982543627274,-15.814375089640281
vantage_raw_ecn,floor_model_0.25,5.0,3.0,10,2017-2020.05,21.064300000041072,-37.09235005508239,79.01753162661511,0,1,0.43606409375827726,0.7139107611548556,0.2178477690288714,0.06824146981627296,10.996296192581783,-0.2071803149605221,-23.489413034831777
vantage_raw_ecn,floor_model_0.25,5.0,3.0,20,2012-2016,41.203300000019354,-16.25850348846445,58.866699999980874,0,1,0.31711106694260827,0.8155339805825242,0.1553398058252427,0.02912621359223301,18.86725274758433,-0.1427104368931569,-11.766315315829035
vantage_raw_ecn,floor_model_0.25,5.0,3.0,20,2017-2020.05,40.346000000020936,-23.669963635179336,59.69833183496043,0,1,0.481845100976994,0.8147268408551069,0.16152019002375298,0.023752969121140142,16.042091369468462,-0.14169596199519968,-17.751631330058416
vantage_raw_ecn,floor_model_0.25,5.0,3.0,40,2012-2016,81.31960000000593,-4.053664384162047,18.680399999994066,0,1,0.11391368424151947,0.9054054054054054,0.07432432432432433,0.02027027027027027,43.77671071513818,-0.12621891891887882,-3.7382961395080887
vantage_raw_ecn,floor_model_0.25,5.0,3.0,40,2017-2020.05,79.41600000000733,-6.628363442535223,20.67126161221888,0,1,0.1854130792358029,0.9012345679012346,0.09876543209876543,0.0,32.89460573932272,-0.12706172839501648,-6.1253156418332475
vantage_raw_ecn,floor_model_0.25,7.5,5.3,10,2012-2016,20.688000000083534,-27.043746764176113,79.47028410943487,0,1,0.31326263166417856,0.5995085995085995,0.2628992628992629,0.1375921375921376,17.32938417165031,-0.19486977886957363,-15.871809137729782
vantage_raw_ecn,floor_model_0.25,7.5,5.3,10,2017-2020.05,21.130300000084464,-37.03376029265608,78.89397193219345,0,1,0.43148599303640556,0.5915119363395226,0.2838196286472148,0.1246684350132626,16.00983704328537,-0.20920344827563803,-23.469772982722034
vantage_raw_ecn,floor_model_0.25,7.5,5.3,20,2012-2016,40.69790000001715,-16.465075996241186,59.30209999998285,0,1,0.27708734004693925,0.7222222222222222,0.23055555555555557,0.04722222222222222,28.714447429169105,-0.16472805555550793,-11.867455273694832
vantage_raw_ecn,floor_model_0.25,7.5,5.3,20,2017-2020.05,40.866300000023216,-23.37836172284309,59.61149600227035,0,1,0.45437649664576396,0.7229219143576826,0.2518891687657431,0.02518891687657431,25.5087517043305,-0.14895138539036973,-17.5968022526944
vantage_raw_ecn,floor_model_0.25,7.5,5.3,40,2012-2016,81.46260000000383,-4.019923884822896,18.767399999996414,0,1,0.10390775251760222,0.8444444444444444,0.14814814814814814,0.007407407407407408,59.512759741353385,-0.1373140740740457,-3.709679174778106
vantage_raw_ecn,floor_model_0.25,7.5,5.3,40,2017-2020.05,78.2983000000103,-7.021360722919323,21.791639614432874,0,1,0.2014364317623538,0.8465909090909091,0.14772727272727273,0.005681818181818182,55.26276204091582,-0.12330511363630511,-6.4579169483267025
vantage_raw_ecn,floor_model_0.25,15.0,8.0,10,2012-2016,21.57200000004179,-26.43028752112988,79.26823194234181,0,1,0.454115362854706,0.45084745762711864,0.42542372881355933,0.12372881355932204,17.073157489037122,-0.1329288135592512,-15.69490426485928
vantage_raw_ecn,floor_model_0.25,15.0,8.0,10,2017-2020.05,21.26300000005606,-36.91634729654486,78.73699999994395,0,1,0.7633982953721021,0.44677661169415295,0.4752623688155922,0.07796101949025487,22.32135210031871,-0.11804647676153515,-23.430284574953987
vantage_raw_ecn,floor_model_0.25,15.0,8.0,20,2012-2016,40.87050000003837,-16.3942995061649,59.711814137383435,0,1,0.24629985781950156,0.659375,0.278125,0.0625,39.39035660115384,-0.1847796874998801,-11.832914797379622
vantage_raw_ecn,floor_model_0.25,15.0,8.0,20,2017-2020.05,41.381900000048255,-23.091955305414224,59.42426177954373,0,1,0.37883783473488125,0.6555891238670695,0.3021148036253776,0.04229607250755287,58.07578278548284,-0.1770939577037817,-17.44337178509414
vantage_raw_ecn,floor_model_0.25,15.0,8.0,40,2012-2016,81.16910000000665,-4.089225786909911,19.05724208130773,0,1,0.14393147941327122,0.7967914438502673,0.18716577540106952,0.016042780748663103,105.77651007693937,-0.10069999999996443,-3.768413993996936
vantage_raw_ecn,floor_model_0.25,15.0,8.0,40,2017-2020.05,78.74890000001355,-6.862453030719284,22.048543400995747,0,1,0.2140262087475009,0.786096256684492,0.20855614973262032,0.0053475935828877,110.8416982491386,-0.11364224598923235,-6.323828956282836
vantage_raw_ecn,floor_rw_0.4,2.0,1.0,10,2012-2016,21.10200000003742,-26.753889937882324,78.97118029254466,0,1,0.29171139410497215,0.8100263852242744,0.14775725593667546,0.04221635883905013,7.596348962389591,-0.20817414248011235,-15.788960023064975
vantage_raw_ecn,floor_rw_0.4,2.0,1.0,10,2017-2020.05,21.178000000042857,-36.991495849142986,79.12144702838091,0,1,0.5230480074738391,0.8358862144420132,0.14660831509846828,0.0175054704595186,3.7185962902030156,-0.1724770240699281,-23.455578581446254
vantage_raw_ecn,floor_rw_0.4,2.0,1.0,20,2012-2016,41.39600000001494,-16.180274601052925,58.793999999985004,0,1,0.28247514943674085,0.8801089918256131,0.10626702997275204,0.013623978201634877,11.69596931213254,-0.15968392370568135,-11.727752454965941
vantage_raw_ecn,floor_rw_0.4,2.0,1.0,20,2017-2020.05,41.100000000015875,-23.24823298609495,58.939007942438884,0,1,0.5035910794058844,0.8931818181818182,0.10681818181818181,0.0,9.265421229971173,-0.1338636363636003,-17.527258613680992
vantage_raw_ecn,floor_rw_0.4,2.0,1.0,40,2012-2016,80.18630000001018,-4.322755784870392,19.813699999989822,0,1,0.10929556190740382,0.9366197183098591,0.04929577464788732,0.007042253521126761,28.893835905180296,-0.1395330985914776,-3.965090587961548
vantage_raw_ecn,floor_rw_0.4,2.0,1.0,40,2017-2020.05,79.61300000000361,-6.559499181765604,20.53249413057253,0,1,0.15679994972410494,0.9343065693430657,0.06569343065693431,0.0,13.696843681051204,-0.14881021897807584,-6.066693062090788
vantage_raw_ecn,floor_rw_0.4,5.0,3.0,10,2012-2016,21.485000000060875,-26.489760140146934,78.55499999993913,0,1,0.3532863585598476,0.681917211328976,0.2701525054466231,0.04793028322440087,9.693334292309295,-0.17105664488004166,-15.712314586055076
vantage_raw_ecn,floor_rw_0.4,5.0,3.0,10,2017-2020.05,21.17400000004549,-36.995037467234994,79.0576750671923,0,1,0.4669662736309111,0.6715686274509803,0.29411764705882354,0.03431372549019608,8.890794614395674,-0.1932009803920454,-23.45676888763316
vantage_raw_ecn,floor_rw_0.4,5.0,3.0,20,2012-2016,41.18330000002563,-16.26663948153122,58.81669999997436,0,1,0.31095357049712075,0.7722772277227723,0.21287128712871287,0.01485148514851485,17.457599763154203,-0.14558589108904546,-11.770317688517345
vantage_raw_ecn,floor_rw_0.4,5.0,3.0,20,2017-2020.05,40.9390000000295,-23.337825052874017,59.105983418210286,0,1,0.524192532654307,0.7751091703056768,0.2205240174672489,0.004366812227074236,13.323016735421179,-0.12895414847155132,-17.575168437731325
vantage_raw_ecn,floor_rw_0.4,5.0,3.0,40,2012-2016,79.0053000000079,-4.6064296227576795,20.994699999992093,0,1,0.09698056901642874,0.8650793650793651,0.12698412698412698,0.007936507936507936,40.74740310588841,-0.16662460317454042,-4.201430695280927
vantage_raw_ecn,floor_rw_0.4,5.0,3.0,40,2017-2020.05,81.58630000000434,-5.8762193920060435,18.723104584952136,0,1,0.15679994972410494,0.8686131386861314,0.13138686131386862,0.0,34.808833816741796,-0.134406569343034,-5.47948526205006
vantage_raw_ecn,floor_rw_0.4,7.5,5.3,10,2012-2016,21.53900000005937,-26.45282347720872,79.06242867485955,0,1,0.3486682362257319,0.4922737306843267,0.4481236203090508,0.059602649006622516,14.229212405455298,-0.1732030905075952,-15.701508179793546
vantage_raw_ecn,floor_rw_0.4,7.5,5.3,10,2017-2020.05,21.28300000005025,-36.898695960950064,78.87828996648854,0,1,0.5436494607222616,0.4905263157894737,0.4652631578947368,0.04421052631578947,10.844476631005605,-0.1657199999998942,-23.424333044017278
vantage_raw_ecn,floor_rw_0.4,7.5,5.3,20,2012-2016,40.85930000001934,-16.398884925907588,59.14069999998066,0,1,0.2724692177128236,0.6497175141242938,0.3333333333333333,0.01694915254237288,21.780790883830264,-0.1670641242937307,-11.835156126089588
vantage_raw_ecn,floor_rw_0.4,7.5,5.3,20,2017-2020.05,41.562000000028895,-22.99250387006352,58.76755147603225,0,1,0.4692553239918469,0.6585365853658537,0.33658536585365856,0.004878048780487805,17.387160166327536,-0.14253170731700268,-17.38977824899931
vantage_raw_ecn,floor_rw_0.4,7.5,5.3,40,2012-2016,81.48430000000958,-4.014807963881751,18.575699999990434,0,1,0.0908230725709412,0.7966101694915254,0.19491525423728814,0.00847457627118644,59.8800222618095,-0.15691271186432557,-3.705336600408775
vantage_raw_ecn,floor_rw_0.4,7.5,5.3,40,2017-2020.05,81.54630000000637,-5.889953979246698,18.547370523890923,0,1,0.13963207201708616,0.7950819672131147,0.20491803278688525,0.0,47.24368735076301,-0.15125983606552157,-5.491388323926324
vantage_raw_ecn,floor_rw_0.4,15.0,8.0,10,2012-2016,21.514000000038234,-26.46991456495307,78.63866835343461,0,1,0.46027285930019357,0.3277591973244147,0.6321070234113713,0.04013377926421405,12.213730845277261,-0.13124749163873203,-15.706511145659734
vantage_raw_ecn,floor_rw_0.4,15.0,8.0,10,2017-2020.05,21.189000000048544,-36.98175882151996,78.85099999995143,0,1,0.7313515903190004,0.3161189358372457,0.6635367762128326,0.02034428794992175,10.369029564203295,-0.12333489827848429,-23.452305239428423
vantage_raw_ecn,floor_rw_0.4,15.0,8.0,20,2012-2016,41.50160000002447,-16.1375284838153,58.97024221450915,0,1,0.23167580376146865,0.5647840531561462,0.39867109634551495,0.036544850498338874,33.366084449090565,-0.19434684385373932,-11.706619927163121
vantage_raw_ecn,floor_rw_0.4,15.0,8.0,20,2017-2020.05,41.36860000003691,-23.099311627110673,59.26139999996387,0,1,0.5608173384292804,0.5775510204081633,0.41836734693877553,0.004081632653061225,42.46037472360799,-0.1196559183672716,-17.447329553171574
vantage_raw_ecn,floor_rw_0.4,15.0,8.0,40,2012-2016,79.4526000000071,-4.498592536897372,20.72071532642141,0,1,0.08389588906976772,0.7155963302752294,0.27522935779816515,0.009174311926605505,72.19324485023454,-0.18850825688066886,-4.111917630078926
vantage_raw_ecn,floor_rw_0.4,15.0,8.0,40,2017-2020.05,81.44730000001039,-5.923967444817457,18.69269999998933,0,1,0.155655424543637,0.7205882352941176,0.27941176470588236,0.0,52.84568789402643,-0.1364169117646295,-5.5208484020703725
vantage_raw_ecn,floor_model_0.4,2.0,1.0,10,2012-2016,21.362000000034154,-26.574171672167967,78.7120819547634,0,1,0.2793964012139971,0.8071625344352618,0.1487603305785124,0.0440771349862259,7.5789030619670275,-0.2166336088153329,-15.73692917810126
vantage_raw_ecn,floor_model_0.4,2.0,1.0,10,2017-2020.05,21.318000000043273,-36.86783413911232,79.09163188228655,0,1,0.5356377844589862,0.8418803418803419,0.13675213675213677,0.021367521367521368,3.6570948742478677,-0.16812393162383918,-23.4139178648771
vantage_raw_ecn,floor_model_0.4,2.0,1.0,20,2012-2016,41.318000000014386,-16.211904478800378,58.681999999985614,0,1,0.28401452354811274,0.8834688346883469,0.10298102981029811,0.013550135501355014,11.698385559101844,-0.15902981029806398,-11.743361708455362
vantage_raw_ecn,floor_model_0.4,2.0,1.0,20,2017-2020.05,40.8800000000162,-23.37071889187905,59.26869473998089,0,1,0.5493720866246012,0.9041666666666667,0.09583333333333334,0.0,8.81260558952887,-0.12316666666663291,-17.59272545400366
vantage_raw_ecn,floor_model_0.4,2.0,1.0,40,2012-2016,79.42330000000787,-4.505641429149321,20.59669999999224,0,1,0.10082900429485846,0.9312977099236641,0.05343511450381679,0.007633587786259542,30.88912016396001,-0.15707404580146664,-4.117781106068986
vantage_raw_ecn,floor_model_0.4,2.0,1.0,40,2017-2020.05,81.32300000000494,-5.966714386711535,18.874069633843064,0,1,0.1671006763483162,0.9452054794520548,0.0547945205479452,0.0,12.66386298014693,-0.12792465753421275,-5.557837166854355
vantage_raw_ecn,floor_model_0.4,5.0,3.0,10,2012-2016,21.544000000061267,-26.449407163943995,78.49599999993875,0,1,0.3486682362257319,0.6865342163355408,0.26269315673289184,0.05077262693156733,9.844470540831587,-0.1731920529799972,-15.700507586620777
vantage_raw_ecn,floor_model_0.4,5.0,3.0,10,2017-2020.05,21.539000000044354,-36.673781146185455,78.54467576447418,0,1,0.4623881729090394,0.6757425742574258,0.28465346534653463,0.039603960396039604,8.9977963767331,-0.19421039603949417,-23.34815344800709
vantage_raw_ecn,floor_model_0.4,5.0,3.0,20,2012-2016,40.68030000002168,-16.472306547461336,59.31969999997831,0,1,0.31018388344143477,0.7766749379652605,0.20843672456575682,0.01488833746898263,17.653316572414546,-0.14719528535974769,-11.870977361660744
vantage_raw_ecn,floor_model_0.4,5.0,3.0,20,2017-2020.05,41.01000000002759,-23.29828505836602,59.035061432396596,0,1,0.5138918060300958,0.7817371937639198,0.20935412026726058,0.008908685968819599,13.565304312267036,-0.1313808463251056,-17.554040502900456
vantage_raw_ecn,floor_model_0.4,5.0,3.0,40,2012-2016,79.92730000000978,-4.384679574407135,20.07269999999022,0,1,0.11545305835289135,0.88,0.11333333333333333,0.006666666666666667,42.242035018841435,-0.1338179999999348,-4.016921314291519
vantage_raw_ecn,floor_model_0.4,5.0,3.0,40,2017-2020.05,81.5143000000043,-5.900945056678875,18.57526720606867,0,1,0.17511235261159164,0.8823529411764706,0.11764705882352941,0.0,33.20080514515148,-0.1208215686274229,-5.5009107734284335
vantage_raw_ecn,floor_model_0.4,7.5,5.3,10,2012-2016,21.561000000062663,-26.437796440646444,78.82228021944755,0,1,0.3402016786131865,0.502262443438914,0.4321266968325792,0.06561085972850679,14.54796983978148,-0.1774638009048356,-15.697105569834363
vantage_raw_ecn,floor_model_0.4,7.5,5.3,10,2017-2020.05,21.505000000052238,-36.703544136263,78.71647605248778,0,1,0.510458230488692,0.49327354260089684,0.4551569506726457,0.0515695067264574,11.402776388879673,-0.1759977578474165,-23.35827105060008
vantage_raw_ecn,floor_model_0.4,7.5,5.3,20,2012-2016,40.61990000002031,-16.497139528305247,59.38009999997973,0,1,0.2832448364924268,0.6603260869565217,0.3233695652173913,0.016304347826086956,23.727959212174884,-0.16135896739124916,-11.88306452718351
vantage_raw_ecn,floor_model_0.4,7.5,5.3,20,2017-2020.05,41.51800000003315,-23.016772736114845,58.921133087265154,0,1,0.4589545973676356,0.6658354114713217,0.3316708229426434,0.0024937655860349127,19.128053363203893,-0.1458403990024111,-17.402871617062598
vantage_raw_ecn,floor_model_0.4,7.5,5.3,40,2012-2016,80.77630000000853,-4.182288959115277,19.283699999991484,0,1,0.09236244668231308,0.8,0.19166666666666668,0.008333333333333333,58.858868526849484,-0.16019749999992888,-3.8470205936196535
vantage_raw_ecn,floor_model_0.4,7.5,5.3,40,2017-2020.05,81.38230000000723,-5.94631531419928,19.32347800029278,0,1,0.14535469791942573,0.8031496062992126,0.1968503937007874,0.0,48.373670647713766,-0.146596062992069,-5.540190877621218
vantage_raw_ecn,floor_model_0.4,15.0,8.0,10,2012-2016,21.32700000003913,-26.598262253863137,78.78510165655044,0,1,0.4479578664092185,0.32989690721649484,0.627147766323024,0.0429553264604811,12.41061231774563,-0.13517697594494993,-15.743933330307005
vantage_raw_ecn,floor_model_0.4,15.0,8.0,10,2017-2020.05,20.948300000054186,-37.19563925384476,79.06321523156845,0,1,0.7965895256056718,0.3333333333333333,0.6408045977011494,0.02586206896551724,10.383341485872808,-0.11358002873555433,-23.523931914270786
vantage_raw_ecn,floor_model_0.4,15.0,8.0,20,2012-2016,40.54750000002514,-16.526945165153016,60.14087988134026,0,1,0.21936081087049358,0.5649122807017544,0.3929824561403509,0.042105263157894736,35.010644526007574,-0.20860526315780653,-11.897553116318775
vantage_raw_ecn,floor_model_0.4,15.0,8.0,20,2017-2020.05,41.01130000003983,-23.29756153505813,59.438699999960434,0,1,0.46467722326997524,0.5812807881773399,0.4064039408866995,0.012315270935960592,44.80241711356956,-0.1452923645319216,-17.553653653385815
vantage_raw_ecn,floor_model_0.4,15.0,8.0,40,2012-2016,80.93530000000429,-4.144574762187592,19.400734486953645,0,1,0.09467150784937091,0.7317073170731707,0.2601626016260163,0.008130081300813009,68.09482945252242,-0.15499756097557488,-3.815201730738446
vantage_raw_ecn,floor_model_0.4,15.0,8.0,40,2017-2020.05,81.38460000000968,-5.945524329503982,18.615399999990316,0,1,0.18197950369439916,0.7421383647798742,0.25157232704402516,0.006289308176100629,63.21200072335497,-0.11707798742132275,-5.53950645156257
vantage_raw_ecn,edge_model_0,2.0,1.0,10,2012-2016,21.509000000049458,-26.47333468863241,78.72503687163761,0,1,0.360213542061021,0.5427350427350427,0.40384615384615385,0.053418803418803416,4.530629631681659,-0.16771581196570629,-15.707511738829881
vantage_raw_ecn,edge_model_0,2.0,1.0,10,2017-2020.05,21.245000000041273,-36.93224347257838,78.85754092646545,0,1,0.6146100219112727,0.5288640595903166,0.4245810055865922,0.04655493482309125,2.6413188203901026,-0.14665735567962518,-23.435640952802974
vantage_raw_ecn,edge_model_0,2.0,1.0,20,2012-2016,40.7680000000293,-16.436301835801082,59.62199999997064,0,1,0.3455894880029881,0.46547884187082406,0.5144766146993318,0.0200445434298441,6.405885224857414,-0.13191982182621537,-11.853426957415467
vantage_raw_ecn,edge_model_0,2.0,1.0,20,2017-2020.05,41.16700000001502,-23.211021966204914,58.83299999998498,0,1,0.5276261081957108,0.4511930585683297,0.5314533622559653,0.01735357917570499,3.323863011068481,-0.12762039045549886,-17.507320985037495
vantage_raw_ecn,edge_model_0,2.0,1.0,40,2012-2016,80.78100000000916,-4.181173285613326,20.09899999999078,0,1,0.10313806546191628,0.5074626865671642,0.48507462686567165,0.007462686567164179,10.800523483515974,-0.14342537313426001,-3.8460800360374803
vantage_raw_ecn,edge_model_0,2.0,1.0,40,2017-2020.05,78.29700000001026,-7.021820106467658,21.702999999989743,0,1,0.18197950369439916,0.2641509433962264,0.7295597484276729,0.006289308176100629,5.611925215916063,-0.13649685534584743,-6.458303797837713
vantage_raw_ecn,edge_model_0,5.0,3.0,10,2012-2016,20.632000000076122,-27.083309858034667,79.36799999992388,0,1,0.4425700570194169,0.21391304347826087,0.7269565217391304,0.059130434782608696,5.794156579349352,-0.1380313043476937,-15.883015781262054
vantage_raw_ecn,edge_model_0,5.0,3.0,10,2017-2020.05,20.742000000047234,-37.38033074577706,79.25799999995277,0,1,0.5711180650534917,0.21442885771543085,0.7154308617234469,0.07014028056112225,3.607082863043527,-0.15883366733457469,-23.585321955902796
vantage_raw_ecn,edge_model_0,5.0,3.0,20,2012-2016,41.58600000003401,-16.103426483692918,59.26999999996694,0,1,0.34712886211436,0.15521064301552107,0.8226164079822617,0.022172949002217297,7.379416069055783,-0.1295210643014767,-11.689729914411238
vantage_raw_ecn,edge_model_0,5.0,3.0,20,2017-2020.05,41.0630000000297,-23.268800620627005,59.74699999997027,0,1,0.5161808563910316,0.1574279379157428,0.8159645232815964,0.026607538802660754,4.241330995572028,-0.13068070953430222,-17.53826894591298
vantage_raw_ecn,edge_model_0,5.0,3.0,40,2012-2016,81.13900000001425,-4.096344395467644,19.810999999985768,0,1,0.1269983641881805,0.21818181818181817,0.7757575757575758,0.006060606060606061,10.56588798431435,-0.11430909090900455,-3.774437564893214
vantage_raw_ecn,edge_model_0,5.0,3.0,40,2017-2020.05,79.70400000000937,-6.527729198003252,20.295999999990627,0,1,0.1613780504459766,0.03546099290780142,0.9574468085106383,0.0070921985815602835,6.3862171594414585,-0.14394326241128105,-6.039613596319202
vantage_raw_ecn,edge_model_0,7.5,5.3,10,2012-2016,21.463000000092805,-26.504829701852216,78.97907135972576,0,1,0.494139089750375,0.11838006230529595,0.8084112149532711,0.07320872274143302,5.749154943772441,-0.12233177570079003,-15.71671719600721
vantage_raw_ecn,edge_model_0,7.5,5.3,10,2017-2020.05,21.051000000067972,-37.10417238571204,78.94899999993203,0,1,0.5756961657753634,0.0775347912524851,0.852882703777336,0.06958250497017893,3.848966002977786,-0.1569562624253122,-23.49337080289783
vantage_raw_ecn,edge_model_0,7.5,5.3,20,2012-2016,41.58500000003415,-16.10383021161085,58.82899999996681,0,1,0.33327449511201307,0.07390300230946882,0.9030023094688222,0.023094688221709007,7.762750201669446,-0.1349076212470343,-11.68993003304569
vantage_raw_ecn,edge_model_0,7.5,5.3,20,2017-2020.05,40.89400000003991,-23.362910558067906,59.10599999996009,0,1,0.5150363312105637,0.05333333333333334,0.9155555555555556,0.03111111111111111,4.306227031663612,-0.131346666666578,-17.5885593823397
vantage_raw_ecn,edge_model_0,7.5,5.3,40,2012-2016,81.49300000001546,-4.012757186406901,19.476999999984557,0,1,0.13854367002346962,0.11666666666666667,0.8777777777777778,0.005555555555555556,11.490808862624345,-0.10281666666658079,-3.703595568287638
vantage_raw_ecn,edge_model_0,7.5,5.3,40,2017-2020.05,79.81900000001262,-6.487616740902801,20.180999999987378,0,1,0.16938972670925206,0.013513513513513514,0.9797297297297297,0.006756756756756757,6.108940361399909,-0.13635810810802282,-6.005392293422244
vantage_raw_ecn,edge_model_0,15.0,8.0,10,2012-2016,20.545000000063904,-27.144944667179338,79.53420263573622,0,1,0.5049147085299782,0.04725609756097561,0.8826219512195121,0.0701219512195122,5.870419219330073,-0.12112042682917087,-15.900426102464113
vantage_raw_ecn,edge_model_0,15.0,8.0,10,2017-2020.05,20.76600000005581,-37.358778443290156,79.23399999994419,0,1,0.7267734895971287,0.023622047244094488,0.9181102362204724,0.05826771653543307,4.4418375577763936,-0.12477795275581761,-23.57818011877412
vantage_raw_ecn,edge_model_0,15.0,8.0,20,2012-2016,41.23400000004097,-16.246020882915534,59.837864557547725,0,1,0.3455894880029881,0.035634743875278395,0.9443207126948775,0.0200445434298441,7.8687453872642426,-0.13088195991082188,-11.760171673746223
vantage_raw_ecn,edge_model_0,15.0,8.0,20,2017-2020.05,41.014000000033185,-23.2960588842948,59.79599999996679,0,1,0.4738334247137186,0.024154589371980676,0.9492753623188406,0.026570048309178744,4.64236592857734,-0.14247826086948506,-17.552850196711102
vantage_raw_ecn,edge_model_0,15.0,8.0,40,2012-2016,81.43500000001589,-4.026432345591669,20.07764006145885,0,1,0.1577858464156182,0.05365853658536585,0.9414634146341463,0.004878048780487805,11.669642435612717,-0.09056097560967859,-3.715202449087295
vantage_raw_ecn,edge_model_0,15.0,8.0,40,2017-2020.05,79.92600000001094,-6.450331156246348,20.073999999989056,0,1,0.1728233022506558,0.0,0.9933774834437086,0.006622516556291391,6.01757800321179,-0.1329403973509209,-5.973551602902126
vantage_raw_ecn,edge_model_0.25,2.0,1.0,10,2012-2016,21.523000000044405,-26.46375994418484,78.55164029174048,0,1,0.28632358471517055,0.8575268817204301,0.0,0.1424731182795699,9.811484911161939,-0.21095967741923546,-15.704710077948196
vantage_raw_ecn,edge_model_0.25,2.0,1.0,10,2017-2020.05,21.276300000046206,-36.90460786007655,78.85480023847533,0,1,0.5287706333761787,0.8766233766233766,0.0021645021645021645,0.11904761904761904,5.752500881140711,-0.17039761904751904,-23.42632680688286
vantage_raw_ecn,edge_model_0.25,2.0,1.0,20,2012-2016,40.717000000020725,-16.457232034274416,59.28299999997928,0,1,0.31326263166417856,0.9213759213759214,0.0,0.07862407862407862,13.38095673625339,-0.14565847665842574,-11.86363300777558
vantage_raw_ecn,edge_model_0.25,2.0,1.0,20,2017-2020.05,41.55730000001961,-22.99509536504877,58.67695689093425,0,1,0.5322042089175825,0.9268817204301075,0.002150537634408602,0.06881720430107527,10.873526854609075,-0.12568322580640945,-17.391176858772607
vantage_raw_ecn,edge_model_0.25,2.0,1.0,40,2012-2016,81.54400000000534,-4.000738908421219,18.45599999999466,0,1,0.08312620201408177,0.9537037037037037,0.0,0.046296296296296294,39.66215083834567,-0.17088888888883944,-3.693389517931267
vantage_raw_ecn,edge_model_0.25,2.0,1.0,40,2017-2020.05,79.10430000000736,-6.737568323462673,20.970777761119724,0,1,0.2804086692146402,0.963265306122449,0.00816326530612245,0.024489795918367346,17.903536630958126,-0.0852885714285414,-6.218070251508721
vantage_raw_ecn,edge_model_0.25,5.0,3.0,10,2012-2016,20.783000000067954,-26.976826289629663,79.21699999993204,0,1,0.3448198009473022,0.7589285714285714,0.0,0.24107142857142858,11.808232910381205,-0.17682366071413402,-15.852797867457458
vantage_raw_ecn,edge_model_0.25,5.0,3.0,10,2017-2020.05,20.823300000064297,-37.30739298100526,79.25759537796165,0,1,0.5081691801277561,0.759009009009009,0.0022522522522522522,0.23873873873873874,11.694176335932626,-0.1783259009007561,-23.561128982632987
vantage_raw_ecn,edge_model_0.25,5.0,3.0,20,2012-2016,41.510500000015774,-16.133929804819026,58.969499999984066,0,1,0.3124929446084926,0.8423645320197044,0.0,0.15763546798029557,24.75591064990059,-0.14406280788173453,-11.704838871318003
vantage_raw_ecn,edge_model_0.25,5.0,3.0,20,2017-2020.05,41.5323000000201,-23.00888337386877,58.51333533111549,0,1,0.5127472808496278,0.84375,0.004464285714285714,0.15178571428571427,21.038096206147408,-0.13050825892852655,-17.3986162724455
vantage_raw_ecn,edge_model_0.25,5.0,3.0,40,2012-2016,80.14160000000689,-4.333431583757763,19.85839999999311,0,1,0.09698056901642874,0.9126984126984127,0.0,0.0873015873015873,58.02091063037122,-0.15760634920629454,-3.9740358909233877
vantage_raw_ecn,edge_model_0.25,5.0,3.0,40,2017-2020.05,80.80830000000725,-6.14421050571321,19.28049145938707,0,1,0.17625687779205956,0.9025974025974026,0.01948051948051948,0.07792207792207792,40.05393428959888,-0.12462142857138149,-5.710999815554246
vantage_raw_ecn,edge_model_0.25,7.5,5.3,10,2012-2016,21.518300000116813,-26.46697376699898,79.0194599635676,0,1,0.3325048080563271,0.6504629629629629,0.0,0.34953703703703703,18.421361882773084,-0.18167060185158146,-15.705650635515754
vantage_raw_ecn,edge_model_0.25,7.5,5.3,10,2017-2020.05,21.270300000114304,-36.90990320802941,78.75413274722632,0,1,0.4406421944801489,0.638961038961039,0.007792207792207792,0.35324675324675325,16.395198205177927,-0.20449272727243037,-23.428112266144122
vantage_raw_ecn,edge_model_0.25,7.5,5.3,20,2012-2016,41.07650000001678,-16.310139261688516,58.92349999998322,0,1,0.31172325755280667,0.7703703703703704,0.0,0.22962962962962963,48.063280872857135,-0.1454901234567487,-11.791690358681404
vantage_raw_ecn,edge_model_0.25,7.5,5.3,20,2017-2020.05,41.560200000027294,-22.99349633318062,59.24196752416208,0,1,0.5631063887902162,0.7764227642276422,0.006097560975609756,0.21747967479674796,48.06206063497357,-0.11878008130075754,-17.390313886784245
vantage_raw_ecn,edge_model_0.25,7.5,5.3,40,2012-2016,81.49750000000391,-4.011696508156282,20.757399999996622,0,1,0.10082900429485846,0.8702290076335878,0.0,0.1297709923664122,76.19103135716826,-0.14124045801523732,-3.702695034434796
vantage_raw_ecn,edge_model_0.25,7.5,5.3,40,2017-2020.05,79.53760000000976,-6.585842211685167,20.553763172341817,0,1,0.17511235261159164,0.8431372549019608,0.032679738562091505,0.12418300653594772,65.36230137181956,-0.13374117647052444,-6.0891303337268505
vantage_raw_ecn,edge_model_0.25,15.0,8.0,10,2012-2016,21.16380000007748,-26.7110124959513,78.91778815974475,0,1,0.5641806118177958,0.5402455661664393,0.001364256480218281,0.4583901773533424,31.586421492561623,-0.10755279672567873,-15.776592691446197
vantage_raw_ecn,edge_model_0.25,15.0,8.0,10,2017-2020.05,21.45790000007624,-36.74482929020717,78.54209999992376,0,1,0.7817106982595888,0.5329428989751098,0.005856515373352855,0.4612005856515373,35.11173810575461,-0.1149957540262427,-23.372286905952947
vantage_raw_ecn,edge_model_0.25,15.0,8.0,20,2012-2016,40.29880000003051,-16.62965535037737,60.15936727629258,0,1,0.24399079665244375,0.7066246056782335,0.0,0.29337539432176657,61.23514293788235,-0.18833186119864193,-11.947322620712466
vantage_raw_ecn,edge_model_0.25,15.0,8.0,20,2017-2020.05,40.71550000004899,-23.46260782520323,59.773652386926436,0,1,0.44636482038248854,0.7128205128205128,0.010256410256410256,0.27692307692307694,63.2477269149438,-0.15201153846141285,-17.641676795962514
vantage_raw_ecn,edge_model_0.25,15.0,8.0,40,2012-2016,80.96780000000531,-4.136873181436684,21.29762688860605,0,1,0.10852587485171787,0.8226950354609929,0.0,0.1773049645390071,96.29384812916989,-0.13498014184393395,-3.8086978751176948
vantage_raw_ecn,edge_model_0.25,15.0,8.0,40,2017-2020.05,81.58850000000956,-5.8754641269463725,19.04149999999008,0,1,0.2071590576646934,0.8066298342541437,0.027624309392265192,0.16574585635359115,135.55811949654407,-0.1017209944750853,-5.47883059364528
vantage_raw_ecn,time_300s,2.0,1.0,10,2012-2016,21.340000000051297,-26.58931063449931,78.86355482914328,0,1,0.3263473116108396,0.5330188679245284,0.0,0.02830188679245283,3.3393158574055573,-0.1855188679244073,-15.741331788056351
vantage_raw_ecn,time_300s,2.0,1.0,10,2017-2020.05,21.381000000051934,-36.81237243118933,78.82031405282082,0,1,0.5711180650534917,0.625250501002004,0.0,0.02004008016032064,2.6217767387369757,-0.1575531062123208,-23.39517054241846
vantage_raw_ecn,time_300s,2.0,1.0,20,2012-2016,41.35800000002843,-16.195678068111196,58.641999999971574,0,1,0.3032566999402613,0.5126903553299492,0.0,0.007614213197969543,3.5261896332911813,-0.14883756345170449,-11.735356963073418
vantage_raw_ecn,time_300s,2.0,1.0,20,2017-2020.05,41.5440000000277,-23.00242986020542,58.63529646832782,0,1,0.5379268348199221,0.6106382978723405,0.0,0.002127659574468085,2.7363010084121786,-0.12437446808504744,-17.395134626844257
vantage_raw_ecn,time_300s,2.0,1.0,40,2012-2016,81.48300000000933,-4.015114416935472,18.516999999990674,0,1,0.09005338551525525,0.48717948717948717,0.0,0.008547008547008548,3.8196373966344748,-0.15826495726487755,-3.7055967546336483
vantage_raw_ecn,time_300s,2.0,1.0,40,2017-2020.05,81.27700000000972,-5.982545485096658,18.800139867116666,0,1,0.18655760441627084,0.4723926380368098,0.0,0.0,3.4170819276924758,-0.11486503067478698,-5.571525688011329
vantage_raw_ecn,time_300s,5.0,3.0,10,2012-2016,21.38400000006211,-26.55904517570733,78.61599999993811,0,1,0.4502669275762763,0.2512820512820513,0.0,0.022222222222222223,4.591837660967453,-0.1343863247862186,-15.732526568137141
vantage_raw_ecn,time_300s,5.0,3.0,10,2017-2020.05,21.25000000005159,-36.92782691946426,78.78182725905974,0,1,0.638645050701099,0.31899641577060933,0.0,0.04121863799283154,4.012139469413631,-0.14112903225797208,-23.434153070065296
vantage_raw_ecn,time_300s,5.0,3.0,20,2012-2016,41.52500000003352,-16.128068110070494,58.474999999966485,0,1,0.32788668572221147,0.23943661971830985,0.0,0.007042253521126761,4.729189017139877,-0.13726525821588376,-11.701937151114516
vantage_raw_ecn,time_300s,5.0,3.0,20,2017-2020.05,41.537000000037914,-23.00629078330929,58.73489765348163,0,1,0.5573837628878767,0.29568788501026694,0.0,0.004106776180698152,4.126100139059812,-0.12004722792600017,-17.397217662669668
vantage_raw_ecn,time_300s,5.0,3.0,40,2012-2016,81.18200000001175,-4.086175601040765,18.891999999987917,0,1,0.09775025607211468,0.2204724409448819,0.0,0.007874015748031496,5.401932437620139,-0.14817322834636415,-3.765832463611144
vantage_raw_ecn,time_300s,5.0,3.0,40,2017-2020.05,81.29900000001675,-5.974973305215448,18.982526210666702,0,1,0.1888466547772067,0.1393939393939394,0.0,0.0,4.795350902152784,-0.11333939393929245,-5.564979003976962
vantage_raw_ecn,time_300s,7.5,5.3,10,2012-2016,21.093000000084984,-26.760142601668356,78.90699999991502,0,1,0.4833634709707718,0.10509554140127389,0.0,0.02388535031847134,5.086162825317897,-0.1256480891718392,-15.790761090765763
vantage_raw_ecn,time_300s,7.5,5.3,10,2017-2020.05,21.483000000058855,-36.72282015900098,78.51699999994115,0,1,0.6168990722722085,0.12244897959183673,0.0,0.03525046382189239,4.6728729973697485,-0.14567161410007634,-23.36481773463039
vantage_raw_ecn,time_300s,7.5,5.3,20,2012-2016,41.48700000004429,-16.143433271893016,58.5129999999557,0,1,0.33866230450181467,0.11818181818181818,0.0,0.006818181818181818,5.2326130968874125,-0.13298409090899024,-11.709541659222538
vantage_raw_ecn,time_300s,7.5,5.3,20,2017-2020.05,41.50400000003848,-23.02449843655324,58.56599999996159,0,1,0.47955605061605816,0.12649164677804295,0.0,0.00477326968973747,4.750902362920599,-0.1396085918853497,-17.407037688717914
vantage_raw_ecn,time_300s,7.5,5.3,40,2012-2016,81.0510000000113,-4.117168396406267,18.9489999999887,0,1,0.08928369845956932,0.10344827586206896,0.0,0.008620689655172414,5.901477490588166,-0.16335344827576465,-3.7920480047278984
vantage_raw_ecn,time_300s,7.5,5.3,40,2017-2020.05,81.53500000001821,-5.8938348573819415,18.464999999981785,0,1,0.16824520152878414,0.006802721088435374,0.0,0.0,5.097450147869906,-0.12561224489783526,-5.494750938903013
vantage_raw_ecn,time_300s,15.0,8.0,10,2012-2016,21.534000000066303,-26.456240424874554,78.75820574370697,0,1,0.5087631438084079,0.04387291981845688,0.0,0.02723146747352496,5.257564142985111,-0.11870801815421135,-15.702508772964551
vantage_raw_ecn,time_300s,15.0,8.0,10,2017-2020.05,21.25900000006549,-36.91987896299034,78.79099999993447,0,1,0.7313515903190004,0.04538341158059468,0.0,0.03129890453834116,4.848064889467012,-0.12322535211257356,-23.43147488113886
vantage_raw_ecn,time_300s,15.0,8.0,20,2012-2016,41.48300000004599,-16.145051312122593,59.14534460000639,0,1,0.3363532433347568,0.036613272311212815,0.0,0.006864988558352402,5.477333740256927,-0.13390617848959727,-11.710342133760111
vantage_raw_ecn,time_300s,15.0,8.0,20,2017-2020.05,41.451000000040835,-23.053762323996786,58.548999999959165,0,1,0.4875677268793336,0.0539906103286385,0.0,0.002347417840375587,4.888491499638519,-0.13743896713605439,-17.422809245704062
vantage_raw_ecn,time_300s,15.0,8.0,40,2012-2016,81.50900000001216,-4.008986098769318,18.899745283758023,0,1,0.10082900429485846,0.07633587786259542,0.0,0.007633587786259542,5.994152487537636,-0.14115267175563234,-3.700393670136643
vantage_raw_ecn,time_300s,15.0,8.0,40,2017-2020.05,81.539000000017,-5.892461052014076,18.460999999983002,0,1,0.1659561511678483,0.006896551724137931,0.0,0.0,5.097695833211658,-0.12731724137919312,-5.493560632715689
zero_cost,tp_stop,2.0,1.0,10,2012-2016,64459.00999911476,264.9135619222559,39.64081632651793,0,0,846.6857790497083,0.9739327423845882,0.0,0.02606725761541182,2.6057977792273794,0.05850611660051576,12879.437197400997
zero_cost,tp_stop,2.0,1.0,10,2017-2020.05,34671.24999978994,469.9481560869346,39.2529623905308,0,0,639.8834269463653,0.975917665029459,0.0,0.024082334970540995,3.6141747889470754,0.061843557831927944,10288.893607212942
zero_cost,tp_stop,2.0,1.0,20,2012-2016,39.9500000000002,-16.774563257940002,60.280000000001124,0,1,1.0860284355728647,0.9319631467044649,0.0,0.06803685329553508,13.436884885140694,-0.04255846917080071,-12.017124000424577
zero_cost,tp_stop,2.0,1.0,20,2017-2020.05,39.19999999999888,-24.321681788058502,61.072492552136445,0,1,2.596927634481709,0.9396209784045835,0.0,0.060379021595416485,10.920168241479768,-0.02679594535037511,-18.0926540528372
zero_cost,tp_stop,2.0,1.0,40,2012-2016,79.80999999999821,-4.412777414892199,20.19000000000206,0,1,0.28632358471517055,0.9623655913978495,0.0,0.03763440860215054,20.49244469521721,-0.05427419354839191,-4.040395230118143
zero_cost,tp_stop,2.0,1.0,40,2017-2020.05,79.800000000004,-6.494241215749341,20.873882820253765,0,1,0.7073165615291741,0.9676375404530745,0.0,0.032362459546925564,16.264694618021398,-0.03268608414238834,-6.011046247816321
zero_cost,tp_stop,5.0,3.0,10,2012-2016,8343.39000000557,142.37981317086405,35.712281358137986,0,0,246.30139719361293,0.8236167273954538,0.0,0.17638327260454623,11.412194861756367,0.025760432747312732,1649.655950273559
zero_cost,tp_stop,5.0,3.0,10,2017-2020.05,3382.559999997239,185.14620629666237,19.976966690283692,0,0,162.61871574160384,0.8240547844936797,0.0,0.1759452155063202,18.253352746979306,0.023110202415453113,977.119373705669
zero_cost,tp_stop,5.0,3.0,20,2012-2016,39.64000000001611,-16.904203706238263,60.66999999998386,0,1,1.6101853204949914,0.8575525812619503,0.0,0.14244741873804972,19.871572118387856,-0.028852772466531496,-12.079160777109681
zero_cost,tp_stop,5.0,3.0,20,2017-2020.05,39.8999999999819,-23.922034128590973,62.96983758702278,0,1,5.487998240343673,0.8650677789363921,0.0,0.13493222106360792,43.17261245166767,-0.012533889468199812,-17.88435046999709
zero_cost,tp_stop,5.0,3.0,40,2012-2016,79.80000000000491,-4.415174325441074,20.369999999995144,0,1,0.42255819357158236,0.9216757741347905,0.0,0.07832422586520947,49.514865541023866,-0.036794171220391775,-4.042396416461586
zero_cost,tp_stop,5.0,3.0,40,2017-2020.05,77.34000000000475,-7.361460915954677,23.380225876753883,0,1,1.4260783748630275,0.9253611556982343,0.0,0.07463884430176565,64.2416402332696,-0.018186195826641452,-6.74308455324338
zero_cost,tp_stop,7.5,5.3,10,2012-2016,19.61000000379416,-27.8208801139758,89.24477595371593,1,1,21.504286648809543,0.681448870754143,0.0,0.31855112924585705,17.802898418657602,-0.002877339918973687,-16.087537024954873
zero_cost,tp_stop,7.5,5.3,10,2017-2020.05,463.33000000970355,57.816850530878106,47.02950754835873,0,0,85.03593185840546,0.6860615359767424,0.0,0.3139384640232577,38.26097152344979,0.004892863872643996,108.17800210531826
zero_cost,tp_stop,7.5,5.3,20,2012-2016,39.32000000002133,-17.038879524178462,65.22200601448698,0,1,1.8757273547066415,0.7878539187525646,0.0,0.21214608124743536,29.334025919443935,-0.024899466557233758,-12.143198740141706
zero_cost,tp_stop,7.5,5.3,20,2017-2020.05,39.67999999999477,-24.047103283087047,61.42704384174701,0,1,5.089703477540837,0.7865977063188666,0.0,0.21340229368113334,89.84985559875481,-0.013564200584664994,-17.94981731031603
zero_cost,tp_stop,7.5,5.3,40,2012-2016,79.61000000000467,-4.460761338739294,20.540972152904523,0,1,0.7335117640687031,0.8782791185729276,0.0,0.12172088142707241,70.79834359933044,-0.02139559286463308,-4.080418957012519
zero_cost,tp_stop,7.5,5.3,40,2017-2020.05,79.86999999999567,-6.469840730923382,21.67859984089884,0,1,2.2135116990249557,0.8800413650465356,0.0,0.11995863495346432,189.30511724840414,-0.010408479834542052,-5.9902158895342845
zero_cost,tp_stop,15.0,8.0,10,2012-2016,19.900000000807967,-27.608523420616383,82.09618874700715,1,1,12.916888168521485,0.5529138362531284,0.0,0.44708616374687166,29.78378043141195,-0.004772971040352284,-16.029502621553746
zero_cost,tp_stop,15.0,8.0,10,2017-2020.05,18.970000001693478,-39.02247832766277,81.39283962560924,1,1,39.351064754848004,0.5543016694782154,0.0,0.44569833052178465,65.51359593758266,-0.0023567564422752175,-24.11262759655809
zero_cost,tp_stop,15.0,8.0,20,2012-2016,39.15000000003532,-17.110782987851557,63.42488789234393,0,1,1.3254011098911929,0.7195121951219512,0.0,0.2804878048780488,43.457579603859266,-0.03533681765387031,-12.177218908000226
zero_cost,tp_stop,15.0,8.0,20,2017-2020.05,39.96000000013459,-23.8880084562501,70.6801672902406,0,1,5.63793103898497,0.7320341047503045,0.0,0.2679658952496955,124.7881936540331,-0.012188388144511857,-17.866495877136355
zero_cost,tp_stop,15.0,8.0,40,2012-2016,79.72000000000186,-4.434358264055948,30.958640028041202,0,1,1.1252824754128479,0.8303693570451436,0.0,0.16963064295485636,95.77455624552059,-0.013871409028726498,-4.058405907220465
zero_cost,tp_stop,15.0,8.0,40,2017-2020.05,79.25000000000173,-6.686484410320803,24.011190430253706,0,1,2.242124828536654,0.8305257784583971,0.0,0.16947422154160285,290.67641262991475,-0.010592138846349294,-6.174713348623908
zero_cost,floor_rw_0.25,2.0,1.0,10,2012-2016,59849.419999121856,259.5352233572169,36.142777051011414,0,0,854.0201270033397,0.9715925477302878,0.01045902549460691,0.017948426775105265,2.5696589500629035,0.05384926385685407,11956.972341097384
zero_cost,floor_rw_0.25,2.0,1.0,10,2017-2020.05,33191.929999796135,462.6005440288016,44.133617764011014,0,0,647.4247033604684,0.973092133059676,0.013620991707193757,0.013286875233130211,3.5622430032094887,0.05850043576530551,9847.403090670874
zero_cost,floor_rw_0.25,2.0,1.0,20,2012-2016,39.20999999999848,-17.085376828362097,61.070000000001656,0,1,0.9851994312780062,0.9171875,0.065625,0.0171875,7.575791695173831,-0.047492187500001184,-12.165211789938898
zero_cost,floor_rw_0.25,2.0,1.0,20,2017-2020.05,38.14999999999356,-24.930661139935207,62.11519364449525,0,1,2.826977195755761,0.928744939271255,0.05991902834008097,0.011336032388663968,9.200758931477553,-0.02504048582996212,-18.405109427106527
zero_cost,floor_rw_0.25,2.0,1.0,40,2012-2016,79.66999999999838,-4.446356046752975,20.630000000001402,0,1,0.3155716928312364,0.9560975609756097,0.036585365853658534,0.007317073170731708,18.59984595157267,-0.04958536585366248,-4.068411838945078
zero_cost,floor_rw_0.25,2.0,1.0,40,2017-2020.05,79.93000000000188,-6.448937982657599,20.625620655410764,0,1,0.5905749931214463,0.9573643410852714,0.04263565891472868,0.0,12.575953236584194,-0.038895348837205655,-5.9723612967171364
zero_cost,floor_rw_0.25,5.0,3.0,10,2012-2016,4712.93999998788,116.20059870864709,68.90069472836032,0,0,264.79158933235635,0.7964043310805901,0.12886563476491533,0.07473003415449458,10.248526200867822,0.013408734830282333,923.1352537281114
zero_cost,floor_rw_0.25,5.0,3.0,10,2017-2020.05,2395.609999995647,157.3249428248,52.45941871490791,0,0,177.80999846195454,0.792947855584235,0.1528222094916869,0.05422993492407809,16.203117157461158,0.014782983708462745,683.4262007208634
zero_cost,floor_rw_0.25,5.0,3.0,20,2012-2016,39.920000000009985,-16.787073869957858,60.50999999999077,0,1,1.187627126923409,0.8263123784834737,0.14193130265716136,0.031756318859364877,18.658160806590672,-0.038937135450414787,-12.02312755945697
zero_cost,floor_rw_0.25,5.0,3.0,20,2017-2020.05,39.59999999999842,-24.09270373295682,62.762451746541004,0,1,3.860483433718292,0.8313074414467833,0.1553513193003261,0.013341239252890602,27.400272738594182,-0.01790690779721363,-17.973623434068674
zero_cost,floor_rw_0.25,5.0,3.0,40,2012-2016,79.77000000000399,-4.422366498918729,20.25999999999614,0,1,0.3140323187198645,0.8995098039215687,0.08823529411764706,0.012254901960784314,32.13208366534095,-0.049583333333323557,-4.048399975496121
zero_cost,floor_rw_0.25,5.0,3.0,40,2017-2020.05,79.70000000000137,-6.529125145303871,22.637106184362693,0,1,0.7004494104463665,0.9035947712418301,0.0915032679738562,0.004901960784313725,39.80276038781748,-0.03316993464052064,-6.040803902509271
zero_cost,floor_rw_0.25,7.5,5.3,10,2012-2016,19.67000000023962,-27.77673913569999,80.87614183259161,1,1,2.202844353373167,0.6362683438155137,0.20055904961565338,0.16317260656883298,13.646419032886843,-0.028067784765814247,-16.075529907597502
zero_cost,floor_rw_0.25,7.5,5.3,10,2017-2020.05,19.67000000025732,-38.36140369510107,80.66554754590955,1,1,6.475723471087488,0.6212442559208201,0.2893248497702368,0.08943089430894309,28.002001210399374,-0.014197596323743846,-23.904324014140297
zero_cost,floor_rw_0.25,7.5,5.3,20,2012-2016,39.2500000000228,-17.068456659534014,63.75473266227658,0,1,1.3431039121719694,0.7432664756446992,0.2166189111747851,0.04011461318051576,24.269910274162225,-0.03481375358164882,-12.157207044554896
zero_cost,floor_rw_0.25,7.5,5.3,20,2017-2020.05,39.62999999998958,-24.07559598777049,61.71754250387498,0,1,3.6075433688348815,0.7328680203045685,0.24968274111675126,0.017449238578680203,54.02945829256115,-0.019152918781729193,-17.964696137663655
zero_cost,floor_rw_0.25,7.5,5.3,40,2012-2016,79.7600000000061,-4.424764370866752,20.54097215290776,0,1,0.5572534283166223,0.8466850828729282,0.14917127071823205,0.004143646408839779,57.20330577227072,-0.02795580110496395,-4.050401161840482
zero_cost,floor_rw_0.25,7.5,5.3,40,2017-2020.05,79.9399999999993,-6.4454552629215955,20.41811846689984,0,1,1.6217921807230415,0.8475652787579393,0.14749470712773466,0.004940014114326041,111.77955484760707,-0.014156669019054833,-5.969385531248688
zero_cost,floor_rw_0.25,15.0,8.0,10,2012-2016,19.99000000007036,-27.543123040759752,80.63915302414475,1,1,4.220194126326022,0.4670800656574868,0.43552799562283423,0.09739193871967901,15.594327680862714,-0.014592376436244692,-16.011491944598305
zero_cost,floor_rw_0.25,15.0,8.0,10,2017-2020.05,19.80000000001474,-38.24045951948436,80.36493454976716,1,1,6.860283931724708,0.4457791124457791,0.5101768435101769,0.044044044044044044,37.72110325512975,-0.01338004671337759,-23.865639063112667
zero_cost,floor_rw_0.25,15.0,8.0,20,2012-2016,39.40000000001905,-17.005128612136122,61.51283558689088,0,1,1.162227454085773,0.6576158940397351,0.295364238410596,0.04701986754966887,35.8594890662666,-0.04013245033111321,-12.127189249383896
zero_cost,floor_rw_0.25,15.0,8.0,20,2017-2020.05,39.5100000000723,-24.144081652269513,62.81561857953438,0,1,3.2550296132507626,0.6680731364275668,0.2981715893108298,0.03375527426160337,96.19919501700517,-0.021269338959186954,-18.00040532326964
zero_cost,floor_rw_0.25,15.0,8.0,40,2012-2016,79.90000000000396,-4.391216023071321,24.40780746635696,0,1,0.7735354909643721,0.7870646766169154,0.20298507462686566,0.009950248756218905,70.0240191883471,-0.019999999999996063,-4.022384553013943
zero_cost,floor_rw_0.25,15.0,8.0,40,2017-2020.05,79.63999999999736,-6.550070262654772,21.67811286951812,0,1,1.545108993631691,0.7837037037037037,0.20962962962962964,0.006666666666666667,185.81780609176818,-0.015081481481483439,-6.058658495325764
zero_cost,floor_model_0.25,2.0,1.0,10,2012-2016,60532.85999911869,260.3531135041454,35.317886230184754,0,0,852.8001730200775,0.9720356720274589,0.009231188565167516,0.01873313940737358,2.574917081414907,0.05454312927104359,12093.74142064463
zero_cost,floor_model_0.25,2.0,1.0,10,2017-2020.05,33522.139999793195,464.2603029316101,45.328886955706324,0,0,645.8773053164757,0.9737134493079269,0.011956003607888446,0.014330547084184655,3.5734344760873116,0.059225739342097634,9945.665842229
zero_cost,floor_model_0.25,2.0,1.0,20,2012-2016,38.85000000000121,-17.23828297108242,61.1499999999989,0,1,0.9613391325517421,0.9183346677341874,0.0600480384307446,0.021617293835068056,7.793755931287313,-0.04895916733386613,-12.237254498350556
zero_cost,floor_model_0.25,2.0,1.0,20,2017-2020.05,38.88999999999419,-24.50027123026318,61.380337636550244,0,1,2.739993282040199,0.9298245614035088,0.057226399331662486,0.012949039264828738,9.582014157129057,-0.02552631578947611,-18.184902782384313
zero_cost,floor_model_0.25,2.0,1.0,40,2012-2016,79.65000000000062,-4.4511568462701545,20.4099999999992,0,1,0.3032566999402613,0.9568527918781726,0.03553299492385787,0.007614213197969543,19.38642952339299,-0.05164974619289184,-4.0724142116341975
zero_cost,floor_model_0.25,2.0,1.0,40,2017-2020.05,79.71000000000313,-6.525635369323323,21.25124131082476,0,1,1.0827208207226515,0.9640591966173362,0.03488372093023256,0.0010570824524312897,20.20316317443529,-0.021448202959827554,-6.037828137039528
zero_cost,floor_model_0.25,5.0,3.0,10,2012-2016,5041.749999992364,119.13827881775015,62.79276420192765,0,0,262.61183559065375,0.7996148807273302,0.12039227065033574,0.07999284862233398,10.345212643340592,0.014483737943018654,988.9362619318333
zero_cost,floor_model_0.25,5.0,3.0,10,2017-2020.05,2496.2199999957156,160.4945299467278,65.56278858550648,0,0,175.96502387104024,0.7969494942924973,0.1431266057432762,0.05992389996422648,16.45302206133196,0.015592376987841659,713.3653771066722
zero_cost,floor_model_0.25,5.0,3.0,20,2012-2016,39.740000000011875,-16.862295873030185,60.30999999998823,0,1,1.2368870984873095,0.8294959551960174,0.13627878033602986,0.03422526446795271,19.125876167277482,-0.03749844430615316,-12.059148913662694
zero_cost,floor_model_0.25,5.0,3.0,20,2017-2020.05,39.77999999999425,-23.99019344384694,62.940190050311614,0,1,3.6830820307457643,0.8343691733996271,0.1497824735860783,0.015848353014294592,28.544328562667964,-0.01871348663766493,-17.920059655624016
zero_cost,floor_model_0.25,5.0,3.0,40,2012-2016,79.81999999999906,-4.410380744555531,20.180000000000945,0,1,0.3671407255621945,0.9035639412997903,0.0859538784067086,0.010482180293501049,44.72686740368254,-0.04230607966457221,-4.0383940437731916
zero_cost,floor_model_0.25,5.0,3.0,40,2017-2020.05,79.17000000000584,-6.714525055472409,23.04326689352901,0,1,0.7462304176650834,0.906441717791411,0.08742331288343558,0.006134969325153374,40.11913009305427,-0.03194785276072724,-6.198519472376419
zero_cost,floor_model_0.25,7.5,5.3,10,2012-2016,19.82000000026667,-27.666856011216368,80.69919174187989,1,1,2.406811423129942,0.6383114806523825,0.1963543332267349,0.16533418612088263,13.42533851203708,-0.025641189638545996,-16.045512112420337
zero_cost,floor_model_0.25,7.5,5.3,10,2017-2020.05,19.880000000273608,-38.16630933302078,80.36930976570194,1,1,6.098030161533074,0.628566066066066,0.2715840840840841,0.09984984984984985,27.86278502043783,-0.015037537537486184,-23.8418329392819
zero_cost,floor_model_0.25,7.5,5.3,20,2012-2016,39.07000000007262,-17.14470635909229,65.94910231823593,0,1,2.083542859741846,0.7661618027336535,0.18766161802733652,0.046176579239009974,24.012578822385926,-0.022508311784236196,-12.19322839875103
zero_cost,floor_model_0.25,7.5,5.3,20,2017-2020.05,39.8699999999928,-23.93906044376908,62.57634125717153,0,1,3.374060232019426,0.7388059701492538,0.24084124830393486,0.0203527815468114,56.98520897302049,-0.020396879240165266,-17.8932777664015
zero_cost,floor_model_0.25,7.5,5.3,40,2012-2016,79.21000000000686,-4.557019186731715,21.0999101706686,0,1,0.614979957493068,0.851063829787234,0.14267834793491865,0.006257822277847309,54.99921658635888,-0.02602002503128053,-4.16046641080342
zero_cost,floor_model_0.25,7.5,5.3,40,2017-2020.05,79.95999999999721,-6.438490741410597,20.84158415841884,0,1,1.5290856411051401,0.8517964071856288,0.14296407185628743,0.005239520958083832,115.86882998845765,-0.01500000000000209,-5.963434000310877
zero_cost,floor_model_0.25,15.0,8.0,10,2012-2016,19.98000000007461,-27.550378104869377,80.3886925794323,1,1,4.033160171794338,0.47366412213740455,0.416412213740458,0.1099236641221374,16.090674978402895,-0.015270992366397975,-16.013493130942237
zero_cost,floor_model_0.25,15.0,8.0,10,2017-2020.05,19.930000000023636,-38.120071843752115,80.31925441203256,1,1,6.593609564675683,0.45460857490019096,0.4954001041485853,0.049991320951223744,38.70193587778033,-0.013898628710289249,-23.826954112010203
zero_cost,floor_model_0.25,15.0,8.0,20,2012-2016,39.95000000004223,-16.77456325792248,60.85635900446575,0,1,1.243814281988483,0.6788366336633663,0.2599009900990099,0.06126237623762376,37.66440910429693,-0.0371596534653204,-12.017124000416167
zero_cost,floor_model_0.25,15.0,8.0,20,2017-2020.05,38.76000000008407,-24.57546122224822,64.25799297719725,0,1,3.9497563977947894,0.6705302810779484,0.292958562735439,0.036511156186612576,100.95570886742283,-0.017745580990992736,-18.223587733457382
zero_cost,floor_model_0.25,15.0,8.0,40,2012-2016,79.09000000000468,-4.585972352319246,28.099999999995422,0,1,0.8828310528717759,0.7933740191804708,0.1944202266782912,0.012205754141238012,71.02429868833019,-0.01823016564951641,-4.184480646941258
zero_cost,floor_model_0.25,15.0,8.0,40,2017-2020.05,79.29000000000298,-6.672471543289882,23.915130568353042,0,1,1.656127936137079,0.7906012439530062,0.20041465100207326,0.008984105044920525,207.00410668302663,-0.014312370421559795,-6.162810286746672
zero_cost,floor_rw_0.4,2.0,1.0,10,2012-2016,57754.20999913624,256.9803808711919,39.16023318104479,0,0,863.1570820413875,0.9678609358155014,0.01834517971998477,0.013793884464513897,2.5307471650618782,0.0514109193626548,11537.681776954889
zero_cost,floor_rw_0.4,2.0,1.0,10,2017-2020.05,32561.699999795463,459.40029817438904,34.82716854563189,0,0,656.960887164127,0.9686708954482817,0.02230824577571894,0.00902085877599943,3.479790890736508,0.056553362961161285,9659.870350800644
zero_cost,floor_rw_0.4,2.0,1.0,20,2012-2016,39.55999999999358,-16.93779090220987,60.46000000000637,0,1,0.9705753772199733,0.9000793021411578,0.09199048374306107,0.007930214115781126,7.018674481520091,-0.04793021411578622,-12.095170267872458
zero_cost,floor_rw_0.4,2.0,1.0,20,2017-2020.05,39.74999999998944,-24.007255833937425,60.52631578948437,0,1,3.076483685097767,0.9136904761904762,0.08333333333333333,0.002976190476190476,8.170684382724502,-0.02241443452381345,-17.928986952033096
zero_cost,floor_rw_0.4,2.0,1.0,40,2012-2016,79.91000000000386,-4.388821512225882,20.089999999996195,0,1,0.3486682362257319,0.9470198675496688,0.05077262693156733,0.002207505518763797,15.836570359057063,-0.044348785871956155,-4.020383366669178
zero_cost,floor_rw_0.4,2.0,1.0,40,2017-2020.05,77.86000000000533,-7.176548222208345,22.720953326708035,0,1,0.5413604103613258,0.945031712473573,0.05496828752642706,0.0,12.412538704904053,-0.04680761099364624,-6.588344748843944
zero_cost,floor_rw_0.4,5.0,3.0,10,2012-2016,19.85999999868401,-27.637666223216062,89.95207914733658,1,1,27.610214061566126,0.7518119982158786,0.20539696699375556,0.042791034790365744,7.569967775872218,-0.0022340544157369536,-16.037507367357925
zero_cost,floor_rw_0.4,5.0,3.0,10,2017-2020.05,2150.1799999938953,149.18004227811198,44.62114518950583,0,0,195.02709075173345,0.7517018779342723,0.22059859154929579,0.027699530516431925,14.292866871261927,0.012031690140809244,610.0914364969686
zero_cost,floor_rw_0.4,5.0,3.0,20,2012-2016,39.42000000000406,-16.996699449955564,60.75999999999608,0,1,1.2776805124386643,0.7885542168674698,0.19939759036144578,0.012048192771084338,15.308691476612196,-0.03649397590361201,-12.123186876697329
zero_cost,floor_rw_0.4,5.0,3.0,20,2017-2020.05,39.9099999999959,-23.9163606885053,62.3498249929082,0,1,3.406106937072528,0.7933467741935484,0.19993279569892472,0.006720430107526882,18.48538396219358,-0.020191532258065893,-17.88137470452371
zero_cost,floor_rw_0.4,5.0,3.0,40,2012-2016,79.14000000000355,-4.573904265953132,20.85999999999646,0,1,0.40562507834649164,0.8823529411764706,0.11195445920303605,0.0056925996204933585,36.25004210702834,-0.03958254269449041,-4.174474715217566
zero_cost,floor_rw_0.4,5.0,3.0,40,2017-2020.05,77.85000000000714,-7.18009604243941,23.333333333326102,0,1,0.7828552234400568,0.8801169590643275,0.11842105263157894,0.0014619883040935672,35.51144563732323,-0.03238304093566207,-6.5913205143126214
zero_cost,floor_rw_0.4,7.5,5.3,10,2012-2016,19.640000000242093,-27.798796143114547,80.67566236556515,1,1,4.970639005619816,0.5462991638278105,0.3993496438525859,0.05435119231960359,9.936729879267677,-0.012443480953818194,-16.081533466631356
zero_cost,floor_rw_0.4,7.5,5.3,10,2017-2020.05,19.37000000015921,-38.64266415699412,80.78450844075553,1,1,16.274003541073345,0.5266193121879176,0.45087558900063296,0.022505098811449468,23.591732972867106,-0.0056705816161362116,-23.99359697824599
zero_cost,floor_rw_0.4,7.5,5.3,20,2012-2016,39.97000000000968,-16.766227024099056,61.62634408601371,0,1,1.0783315650160052,0.6845110635260528,0.2990720913633119,0.01641684511063526,22.03019319588932,-0.042847965738751125,-12.013121627733115
zero_cost,floor_rw_0.4,7.5,5.3,20,2017-2020.05,39.33000000000012,-24.24708463100419,61.639824304538706,0,1,3.558328786074761,0.6712769379221615,0.3232550659376005,0.005467996140238018,34.181892296997525,-0.019514313284014113,-18.053969101737017
zero_cost,floor_rw_0.4,7.5,5.3,40,2012-2016,79.69000000000159,-4.441556211131726,20.491066972749646,0,1,0.7981654767463222,0.8138862102217936,0.18418514946962392,0.0019286403085824494,39.018050339612046,-0.01958534233365324,-4.064409466254869
zero_cost,floor_rw_0.4,7.5,5.3,40,2017-2020.05,79.13999999999895,-6.7250454286060135,21.728763040239276,0,1,1.2257864682811415,0.8104575163398693,0.1876750700280112,0.0018674136321195146,64.24228458001605,-0.019477124183007517,-6.20744676878612
zero_cost,floor_rw_0.4,15.0,8.0,10,2012-2016,19.460000000022454,-27.931707086658086,80.87657232702217,1,1,4.123983244365279,0.3475177304964539,0.6222471071295259,0.030235162374020158,10.658693936484612,-0.015031728256808052,-16.117554820881413
zero_cost,floor_rw_0.4,15.0,8.0,10,2017-2020.05,19.2700000000078,-38.73709733883239,81.27497806803001,1,1,10.819196530963241,0.32127366973447585,0.6679361049402306,0.010790225325293558,20.439130737549576,-0.008540145985400635,-24.02335463298321
zero_cost,floor_rw_0.4,15.0,8.0,20,2012-2016,39.47000000004185,-16.97564150046236,61.12479070221426,0,1,2.0465978810689207,0.5979691613388491,0.3839789394509214,0.01805189921022941,27.586591889880072,-0.02276419706655064,-12.113180944965848
zero_cost,floor_rw_0.4,15.0,8.0,20,2017-2020.05,39.66000000003836,-24.05849733694092,66.49627447579682,0,1,7.175028356353386,0.6015313447120753,0.3877811453182326,0.010687509969692135,84.73707828409225,-0.009625139575683783,-17.95576884124149
zero_cost,floor_rw_0.4,15.0,8.0,40,2012-2016,79.58000000000452,-4.467967241564718,21.88365650969056,0,1,1.095264680241096,0.7385804638088546,0.258608573436402,0.0028109627547434997,51.095262518736625,-0.01434996486296239,-4.086422516046901
zero_cost,floor_rw_0.4,15.0,8.0,40,2017-2020.05,79.47999999999772,-6.60597815104671,21.276384897435253,0,1,1.9102125262009573,0.7327741162372678,0.2648292390653086,0.002396644697423607,122.59684154050008,-0.012294787297784472,-6.106270742833122
zero_cost,floor_model_0.4,2.0,1.0,10,2012-2016,58092.66999913588,257.39805739264216,40.18131415300706,0,0,861.5315029797788,0.9685284103751629,0.017160311508611872,0.014311278116225196,2.537512678681094,0.05181030208253341,11605.413929980357
zero_cost,floor_model_0.4,2.0,1.0,10,2017-2020.05,32717.709999794046,460.1965259577442,39.784090343787575,0,0,655.0850103933401,0.9695613281058907,0.02084512652787387,0.009593545366235473,3.5029290611051724,0.05698787834279242,9706.295267885469
zero_cost,floor_model_0.4,2.0,1.0,20,2012-2016,39.0199999999946,-17.16593669092853,61.220000000005314,0,1,0.949793826716453,0.9011345218800648,0.08914100486223663,0.009724473257698542,7.2023203411339285,-0.049416531604542464,-12.20323433049056
zero_cost,floor_model_0.4,2.0,1.0,20,2017-2020.05,39.69000000000232,-24.041407768840983,60.72492552134846,0,1,2.654153893505105,0.9141871496334627,0.08193186718413109,0.0038809831824062097,8.452757151584008,-0.02600689952565661,-17.946841544844563
zero_cost,floor_model_0.4,2.0,1.0,40,2012-2016,79.36000000000517,-4.520877027142067,20.919999999995042,0,1,0.38022540550885553,0.9493927125506073,0.048582995951417005,0.0020242914979757085,15.373601648199417,-0.04178137651820815,-4.130448615632006
zero_cost,floor_model_0.4,2.0,1.0,40,2017-2020.05,78.55000000000607,-6.932517754644052,22.49255213504974,0,1,0.5711180650534917,0.9478957915831663,0.052104208416833664,0.0,11.880701038060216,-0.04298597194387562,-6.383016931467781
zero_cost,floor_model_0.4,5.0,3.0,10,2012-2016,3248.949999977368,100.69102469489928,78.5726711320871,0,0,285.17444194103143,0.7621907278404997,0.19303548920803115,0.0447737829514692,9.35638716858901,0.008499029707879656,630.1635740360554
zero_cost,floor_model_0.4,5.0,3.0,10,2017-2020.05,2242.859999993932,152.32892880842797,39.29600000031545,0,0,192.91544179377013,0.7568627450980392,0.21319450624425262,0.029942748657708167,14.40628253944158,0.012713239002070137,637.6708308656789
zero_cost,floor_model_0.4,5.0,3.0,20,2012-2016,39.70000000000058,-16.879048872913515,60.29999999999942,0,1,1.1414459035822526,0.7902899527983817,0.19757248819959541,0.012137559002022926,16.248462248250416,-0.04066082265677642,-12.067153659044088
zero_cost,floor_model_0.4,5.0,3.0,20,2017-2020.05,39.11999999999564,-24.367674140714257,62.897258324641015,0,1,3.4244193399600142,0.7977941176470589,0.1945187165775401,0.00768716577540107,19.36185586768702,-0.020347593582889158,-18.116460176591897
zero_cost,floor_model_0.4,5.0,3.0,40,2012-2016,79.77000000000447,-4.422366498918606,20.229999999995684,0,1,0.26246328598890634,0.8826979472140762,0.10557184750733138,0.011730205278592375,30.410058990310255,-0.059325513196467825,-4.048399975496024
zero_cost,floor_model_0.4,5.0,3.0,40,2017-2020.05,79.00000000000774,-6.774177576448959,21.716721181477254,0,1,0.8927296407649771,0.8871794871794871,0.11153846153846154,0.001282051282051282,33.44744084010266,-0.026923076923066995,-6.249107485352535
zero_cost,floor_model_0.4,7.5,5.3,10,2012-2016,19.930000000247603,-27.586697053960897,80.37033389121711,1,1,4.354889361071062,0.5563803464121597,0.3798161894662425,0.06380346412159774,10.369979484999611,-0.014151643690306186,-16.023499062631537
zero_cost,floor_model_0.4,7.5,5.3,10,2017-2020.05,19.970000000134114,-38.08314048340551,80.36103947616098,1,1,10.123325221238746,0.5322781232334652,0.44036178631995476,0.02736009044657999,20.8492558220526,-0.009048049745603831,-23.815051050100458
zero_cost,floor_model_0.4,7.5,5.3,20,2012-2016,39.1100000000083,-17.127737735450488,62.118858030679135,0,1,1.1653062023085168,0.6908850726552179,0.29326287978863935,0.015852047556142668,21.08423025805699,-0.04021796565389148,-12.185223653384767
zero_cost,floor_model_0.4,7.5,5.3,20,2017-2020.05,39.72999999999686,-24.018635786440278,61.46412884334113,0,1,3.4141186133358032,0.6825343613811599,0.31009051290647,0.0073751257123700975,36.32124692309383,-0.02020449212202586,-17.934938482969322
zero_cost,floor_model_0.4,7.5,5.3,40,2012-2016,79.17999999999755,-4.564254187156058,21.0200618824257,0,1,0.5426293742585894,0.8184397163120567,0.1773049645390071,0.00425531914893617,45.29782616445077,-0.0295319148936205,-4.166469969839634
zero_cost,floor_model_0.4,7.5,5.3,40,2017-2020.05,79.86000000000332,-6.473325594547408,20.521519740360446,0,1,0.9591121012321163,0.8174224343675418,0.18138424821002386,0.0011933174224343676,70.12033371358231,-0.024033412887824193,-5.993191655001223
zero_cost,floor_model_0.4,15.0,8.0,10,2012-2016,19.930000000026993,-27.586697054121302,80.4638364779611,1,1,3.967736772061033,0.3582929194956353,0.6062075654704171,0.035499515033947625,11.131469015223386,-0.015532492725503978,-16.023499062675683
zero_cost,floor_model_0.4,15.0,8.0,10,2017-2020.05,19.910000000023274,-38.13855705095334,80.65557729938969,1,1,10.66583015678054,0.33426333297564115,0.6527524412490611,0.01298422577529778,22.537075892389602,-0.008594269771432206,-23.832905642948745
zero_cost,floor_model_0.4,15.0,8.0,20,2012-2016,39.760000000025784,-16.853924430608615,60.917955284126776,0,1,1.2384264725986813,0.6028589185829708,0.3716594157862026,0.0254816656308266,28.244422306430668,-0.03743940335610579,-12.055146540970343
zero_cost,floor_model_0.4,15.0,8.0,20,2017-2020.05,39.45000000001899,-24.178379286219077,62.41412213738836,0,1,4.310281829642184,0.596388741370154,0.39219330855018586,0.011417950079660117,72.5025675034804,-0.016078066914493098,-18.018259916100803
zero_cost,floor_model_0.4,15.0,8.0,40,2012-2016,79.68999999999603,-4.441556211133058,21.16925511920514,0,1,0.7658386204075127,0.7467336683417085,0.25025125628140704,0.003015075376884422,57.89863876296045,-0.020412060301511523,-4.064409466255981
zero_cost,floor_model_0.4,15.0,8.0,40,2017-2020.05,79.8500000000058,-6.476810764704377,21.35750172396244,0,1,0.8664055616142149,0.7410832232496698,0.25495376486129456,0.003963011889035667,105.57130856605842,-0.026618229854681895,-5.9961674204697015
zero_cost,edge_model_0,2.0,1.0,10,2012-2016,62886.66999910365,263.1146116854295,33.13591561470288,0,0,1073.114626152566,0.7436606221964651,0.24043588467259877,0.015903493130936107,1.805892390288768,0.04503348103752749,12564.782663663094
zero_cost,edge_model_0,2.0,1.0,10,2017-2020.05,34296.50999978967,468.1080187954804,30.13144590498368,0,0,907.8762870032895,0.6588787167468868,0.32853231202898514,0.012588971224128062,2.181106252169286,0.04311200730148943,10176.495969675083
zero_cost,edge_model_0,2.0,1.0,20,2012-2016,39.81999999998983,-16.82883029687029,60.30000000001058,0,1,1.9180601427693684,0.5509630818619583,0.42897271268057785,0.020064205457463884,3.2814715207532057,-0.024149277688607612,-12.043139422908837
zero_cost,edge_model_0,2.0,1.0,20,2017-2020.05,39.11000000002063,-24.373427828644477,61.26572249180872,0,1,4.409855520342893,0.560602128211783,0.42434466649364133,0.015053205294575656,2.7426708443631593,-0.01580327017907588,-18.11943594205368
zero_cost,edge_model_0,2.0,1.0,40,2012-2016,79.60000000001486,-4.4631630649712655,21.999999999984198,0,1,1.0044416076701548,0.46283524904214557,0.5340996168582376,0.0030651340996168583,4.4910960645815745,-0.01563218390803459,-4.0824201433552645
zero_cost,edge_model_0,2.0,1.0,40,2017-2020.05,79.04000000001368,-6.760133583309857,23.185104486467562,0,1,1.388309043907586,0.5061830173124485,0.4896949711459192,0.004122011541632316,3.339447215586844,-0.017279472382511395,-6.237204423473903
zero_cost,edge_model_0,5.0,3.0,10,2012-2016,13223.449999967928,165.77897372770272,16.444099378883184,0,0,592.288043717335,0.26762856749289815,0.6806143585984993,0.05175707390860253,3.751295596304837,0.017054116992673243,2626.2468936384184
zero_cost,edge_model_0,5.0,3.0,10,2017-2020.05,4834.519999997887,217.120309763729,13.859953703698336,0,0,536.4916002436153,0.16762596374155725,0.7951854522491926,0.037188584009250215,4.092793771544023,0.010101718201324142,1409.0666103899955
zero_cost,edge_model_0,5.0,3.0,20,2012-2016,39.22000000002763,-17.081145492218607,60.90999999997292,0,1,5.445535918978043,0.24749116607773852,0.7257950530035335,0.026713780918727916,4.433456970839397,-0.008590812720844151,-12.16321060358828
zero_cost,edge_model_0,5.0,3.0,20,2017-2020.05,39.83999999993509,-23.956095760374964,70.54343807767658,0,1,86.49520146350206,0.09032326359943366,0.8993952866764585,0.010281449724107817,4.541803360422711,-0.0007960514998751526,-17.902205062826322
zero_cost,edge_model_0,5.0,3.0,40,2012-2016,79.15999999999958,-4.569078739003141,23.63496044762011,0,1,2.018119460008541,0.18268497330282227,0.8112128146453089,0.006102212051868803,5.848048543258686,-0.007948131197559273,-4.170472342528793
zero_cost,edge_model_0,5.0,3.0,40,2017-2020.05,79.32000000001258,-6.661965151313498,23.247931412607983,0,1,4.386965016733535,0.16227498043308114,0.8325071745369163,0.0052178450300026085,4.211632770185361,-0.005395251761019414,-6.153882990336164
zero_cost,edge_model_0,7.5,5.3,10,2012-2016,3302.830000020839,101.35269019091768,35.72546085273426,0,0,516.8656394436139,0.1009788139568476,0.8399855850918876,0.059035600951264804,4.378542094515083,0.004769473155987531,640.945966070448
zero_cost,edge_model_0,7.5,5.3,10,2017-2020.05,1404.1100000079975,119.50259903899187,19.013100152660044,0,0,493.04656891823356,0.05397330931527646,0.9061044089074183,0.03992228177730526,4.5126654373795665,0.0030286893522970693,388.2540723020069
zero_cost,edge_model_0,7.5,5.3,20,2012-2016,5586.340000008179,123.68287827176854,38.32273140330204,0,0,486.0812359643989,0.08625071453341167,0.8964722238496606,0.017277061616927752,4.811857203617516,0.008687364515769106,1097.9188690855601
zero_cost,edge_model_0,7.5,5.3,20,2017-2020.05,1884.8200000024874,139.60198281806151,46.58935879944004,0,0,472.89033596501304,0.04141092415822797,0.9478333688307162,0.010755707011055821,4.866395666718847,0.004321233566331267,531.3020941710779
zero_cost,edge_model_0,7.5,5.3,40,2012-2016,79.84999999999916,-4.403192174288629,26.328903654490066,0,1,5.95814749806488,0.08228910993411703,0.910218318046764,0.007492572019118977,5.054071134219759,-0.002603022865262995,-4.032390484738821
zero_cost,edge_model_0,7.5,5.3,40,2017-2020.05,79.58000000002193,-6.571026467065333,26.04776507758076,0,1,17.562738894280223,0.0281524926686217,0.9689149560117302,0.002932551319648094,4.910670829865445,-0.0013307266210477728,-6.076513088133752
zero_cost,edge_model_0,15.0,8.0,10,2012-2016,2522.580000002689,90.78107727728913,11.196461824942082,0,0,493.0499825665794,0.040219486875278064,0.9012621275865029,0.05851838553821897,4.6222737113420695,0.003781824426114706,484.80340151508716
zero_cost,edge_model_0,15.0,8.0,10,2017-2020.05,898.1500000015817,92.17383900228143,13.406378050929696,0,0,480.6433495375027,0.01899988093820693,0.9419788070008335,0.039021312060959636,4.655226926354866,0.0019020359566652737,237.69224261961503
zero_cost,edge_model_0,15.0,8.0,20,2012-2016,2644.580000001908,92.59281561388171,29.133709981158056,0,0,469.84391783764823,0.030627339520178234,0.9516705300318625,0.017702130447959243,4.958197661765159,0.004168470025476764,509.21787492128897
zero_cost,edge_model_0,15.0,8.0,20,2017-2020.05,1083.1700000006742,103.18958729023508,40.09979209976232,0,0,465.755365989976,0.013422060146163334,0.9758835411434553,0.010694398710381333,4.924015266088816,0.002417494384950864,292.74985533079035
zero_cost,edge_model_0,15.0,8.0,40,2012-2016,4016.1600000018807,109.38832778398115,22.109334708602,0,0,460.20281777812613,0.022528511863845503,0.9735361066650611,0.003935381471093427,5.12960201979651,0.006549759244302863,783.6965915990919
zero_cost,edge_model_0,15.0,8.0,40,2017-2020.05,1298.1600000008618,114.4373187091273,25.055527080127447,0,0,460.2215867424136,0.00864446527914212,0.9892938944111891,0.0020616403096688197,5.083147149872262,0.0029812214161923614,356.7258371535337
zero_cost,edge_model_0.25,2.0,1.0,10,2012-2016,64449.179999114895,264.9024247762989,39.64081632651793,0,0,846.6942456073209,0.9739075496568338,2.6362438070996774e-05,0.026066087905095223,2.6057532991147303,0.058496595608485885,12877.470031224104
zero_cost,edge_model_0.25,2.0,1.0,10,2017-2020.05,34685.30999978971,470.01692434596134,39.2529623905308,0,0,639.924629852862,0.9758226349357381,0.0001019462796762043,0.024075418784585724,3.613874805330189,0.06186472265208722,10293.07753346259
zero_cost,edge_model_0.25,2.0,1.0,20,2012-2016,39.12999999999829,-17.119258628746692,60.87000000000181,0,1,1.0991131155195257,0.9313725490196079,0.0007002801120448179,0.06792717086834733,13.314436592794715,-0.042626050420169266,-12.181221280697203
zero_cost,edge_model_0.25,2.0,1.0,20,2017-2020.05,39.19999999999888,-24.321681788058502,61.072492552136445,0,1,2.596927634481709,0.9396209784045835,0.0,0.060379021595416485,10.920168241479768,-0.02679594535037511,-18.0926540528372
zero_cost,edge_model_0.25,2.0,1.0,40,2012-2016,79.80999999999821,-4.412777414892199,20.19000000000206,0,1,0.28632358471517055,0.9623655913978495,0.0,0.03763440860215054,20.49244469521721,-0.05427419354839191,-4.040395230118143
zero_cost,edge_model_0.25,2.0,1.0,40,2017-2020.05,79.72000000000342,-6.522145900857101,20.943396226411195,0,1,0.7153282377924496,0.9664,0.0016,0.032,16.072833474502563,-0.03244799999999452,-6.034852371570226
zero_cost,edge_model_0.25,5.0,3.0,10,2012-2016,8336.690000005603,142.3408498683662,35.712281358137986,0,0,246.36066309690077,0.8232936243864796,0.0003905285882547746,0.17631584702526565,11.409133835697585,0.02573330334075526,1648.3151554225608
zero_cost,edge_model_0.25,5.0,3.0,10,2017-2020.05,3378.4999999972447,185.04431666652624,19.946926138869852,0,0,162.74919161217719,0.8230847128651598,0.0011392565296277023,0.17577603060521246,18.237249967532485,0.023063123250659262,975.9112129251688
zero_cost,edge_model_0.25,5.0,3.0,20,2012-2016,39.620000000016326,-16.912595418554577,60.37999999998367,0,1,1.6117246946063633,0.8572110792741165,0.0004775549188156638,0.14231136580706782,19.856351787770343,-0.028834765998081983,-12.083163149799205
zero_cost,edge_model_0.25,5.0,3.0,20,2017-2020.05,39.46999999997719,-24.16694267288857,63.36890951278116,0,1,5.819910542679369,0.863520157325467,0.0019665683382497543,0.13451327433628318,44.34331715324064,-0.011903638151430248,-18.01230838517481
zero_cost,edge_model_0.25,5.0,3.0,40,2012-2016,79.08000000000709,-4.588386701862723,20.91999999999291,0,1,0.5657199859291676,0.9224489795918367,0.0013605442176870747,0.0761904761904762,44.12568349646875,-0.02846258503400396,-4.1864818332855585
zero_cost,edge_model_0.25,5.0,3.0,40,2017-2020.05,79.99000000000395,-6.428046253068798,20.644841269837354,0,1,1.4421017273895782,0.9222222222222223,0.003968253968253968,0.07380952380952381,63.647881294438434,-0.015880952380949248,-5.954506703901223
zero_cost,edge_model_0.25,7.5,5.3,10,2012-2016,19.940000003799046,-27.579427435634496,89.14834415211325,1,1,21.505826022920917,0.6807200887584554,0.0011810600909058374,0.31809885115063885,17.78660537508342,-0.0028653233598010435,-16.021497875576042
zero_cost,edge_model_0.25,7.5,5.3,10,2017-2020.05,460.19000000970357,57.497823302944326,50.50429398713933,0,0,85.20761063547566,0.6840344938749194,0.002699871050934881,0.31326563507414573,38.181976456582895,0.004840828497873732,107.24361174798426
zero_cost,edge_model_0.25,7.5,5.3,20,2012-2016,39.82000000002127,-16.828830296857145,64.7797629577031,0,1,1.87033954531684,0.7876543209876543,0.00041152263374485596,0.21193415637860083,29.334170096383342,-0.02476543209875668,-12.043139422902547
zero_cost,edge_model_0.25,7.5,5.3,20,2017-2020.05,39.569999999996284,-24.10982058427129,61.533974919805225,0,1,5.108015880428324,0.782433340802151,0.005377548734035402,0.21218911046381358,89.5329008928646,-0.013540219583240806,-17.98255073047696
zero_cost,edge_model_0.25,7.5,5.3,40,2012-2016,78.30000000000514,-4.77746283397027,21.84848787303581,0,1,0.7396692605141907,0.8761706555671176,0.002081165452653486,0.12174817898022892,70.23631240724893,-0.02258064516128497,-4.342574368179058
zero_cost,edge_model_0.25,7.5,5.3,40,2017-2020.05,76.73999999999688,-7.575910105241923,23.603782976608517,0,1,2.3039291882819213,0.8668653750620964,0.014406358668653751,0.11872826626924987,188.3444380448264,-0.011554893194239005,-6.921630481398716
zero_cost,edge_model_0.25,15.0,8.0,10,2012-2016,19.830000000800325,-27.659554149078325,82.14934592951684,1,1,12.86301007462347,0.5510411680229775,0.0028123504068932503,0.44614648157012926,29.768637824321534,-0.004797151747199598,-16.04351092596876
zero_cost,edge_model_0.25,15.0,8.0,10,2017-2020.05,19.850000001707826,-38.194091046887145,81.31235609967268,1,1,39.83519890618593,0.5508403964947565,0.005315328257434276,0.44384427524780923,66.35106156727822,-0.0023028300531042142,-23.85076023526276
zero_cost,edge_model_0.25,15.0,8.0,20,2012-2016,39.05000000003106,-17.153195882466065,63.5183109117799,0,1,1.3184739263900194,0.7174547577349679,0.0005837711617046118,0.2819614711033275,43.70741067620464,-0.03558085230587796,-12.197230771448913
zero_cost,edge_model_0.25,15.0,8.0,20,2017-2020.05,39.71000000011876,-24.030019763524024,71.4388540991052,0,1,5.63793103898497,0.7214778725131953,0.010353227771010963,0.2681688997157938,125.36355004766048,-0.012239139261039634,-17.94089001387148
zero_cost,edge_model_0.25,15.0,8.0,40,2012-2016,79.27000000000196,-4.542555758867406,30.67624386825588,0,1,1.122203727190104,0.8285322359396433,0.00205761316872428,0.16941015089163236,95.95317591245606,-0.01421810699588343,-4.1484592927357005
zero_cost,edge_model_0.25,15.0,8.0,40,2017-2020.05,77.02000000000308,-7.475687801359577,26.24724695968585,0,1,2.2947729868381783,0.8059850374064838,0.027930174563591023,0.16608478802992518,283.93513405922334,-0.011461346633414924,-6.838309048258807
zero_cost,time_300s,2.0,1.0,10,2012-2016,62001.84999896616,262.086393417526,29.224242424230003,0,0,1063.353454912357,0.8209642862313071,0.0,0.010148819433385931,1.82253917939746,0.04480641168476204,12387.71369347645
zero_cost,time_300s,2.0,1.0,10,2017-2020.05,34803.33999969462,470.59344507666896,22.87879432927091,0,0,906.6424888587451,0.7542302273794556,0.0,0.005303248350072461,2.1651920065094097,0.04380880786069236,10326.920914115695
zero_cost,time_300s,2.0,1.0,20,2012-2016,39.22999999999363,-17.076915018983495,61.23000000000632,0,1,1.5986400146597024,0.6543090996629755,0.0,0.002407318247472316,2.613221443405396,-0.029258545979781593,-12.161209417250301
zero_cost,time_300s,2.0,1.0,20,2017-2020.05,39.75000000000947,-24.007255833926035,60.80880166516967,0,1,3.687660131467636,0.7209807572936064,0.0,0.003414028553693358,2.181231818317976,-0.018699565487272043,-17.928986952027138
zero_cost,time_300s,2.0,1.0,40,2012-2016,79.56999999999883,-4.470369692031828,20.490000000001388,0,1,0.5841924752656302,0.5625823451910409,0.0,0.0013175230566534915,3.2435054682250817,-0.026916996047432373,-4.088423702392823
zero_cost,time_300s,2.0,1.0,40,2017-2020.05,79.96000000000876,-6.438490741406577,20.943601942701594,0,1,1.4237893245020916,0.6816720257234726,0.0,0.0,2.4126233239920767,-0.016109324758835402,-5.963434000307439
zero_cost,time_300s,5.0,3.0,10,2012-2016,7632.16000000221,138.09640614433724,18.80502048289492,0,0,555.7202117016959,0.3601386688236141,0.0,0.02890826694441059,3.9253674370547893,0.010432238977964525,1507.3255738728535
zero_cost,time_300s,5.0,3.0,10,2017-2020.05,3246.9899999939385,181.69639046803198,13.36226587483315,0,0,501.9063383402357,0.2569482450379451,0.0,0.014058395359019265,4.263483652300638,0.007176417469338191,936.4912477534723
zero_cost,time_300s,5.0,3.0,20,2012-2016,39.8999999999944,-16.79541845654866,60.39000000000534,0,1,4.234048493328369,0.3979276495182694,0.0,0.00527176876931467,3.7785962958841974,-0.010925286311580731,-12.027129932149656
zero_cost,time_300s,5.0,3.0,20,2017-2020.05,39.98000000002971,-23.87667454066913,62.23298205636596,0,1,8.955909537161467,0.3694568690095847,0.0,0.004217252396166134,3.853655945050107,-0.007670287539932305,-17.860544346229133
zero_cost,time_300s,5.0,3.0,40,2012-2016,79.7800000000016,-4.4199688674016135,20.359999999998422,0,1,1.1052706119650133,0.3412256267409471,0.0,0.0006963788300835655,4.1416501492427935,-0.014080779944288574,-4.046398789151814
zero_cost,time_300s,5.0,3.0,40,2017-2020.05,79.39000000002027,-6.637461086833262,24.294490305221046,0,1,4.294258477115633,0.3720682302771855,0.0,0.0,3.857766133656361,-0.005493070362467946,-6.1330526320493615
zero_cost,time_300s,7.5,5.3,10,2012-2016,19.83000000052109,-27.659554149282183,82.46219156231814,1,1,13.861294185848136,0.23826975401188294,0.0,0.06285746015880948,4.496342270325234,-0.004451663057331273,-16.043510926024638
zero_cost,time_300s,7.5,5.3,10,2017-2020.05,19.690000001754342,-38.342760425429645,88.15493898268686,1,1,239.8306734663306,0.09282448722476211,0.0,0.015681521002548368,4.773037416658291,-0.0003832571368494061,-23.898372482756383
zero_cost,time_300s,7.5,5.3,20,2012-2016,39.650000000026736,-16.90000912001176,63.72485995038548,0,1,6.105157725700895,0.21255673222390317,0.0,0.006051437216338881,4.504388704796243,-0.007608421583456034,-12.07715959076277
zero_cost,time_300s,7.5,5.3,20,2017-2020.05,39.93999999999918,-23.89934635725667,60.58502726822138,0,1,16.696333332666008,0.11564299424184261,0.0,0.0021935837674801205,4.714788413655775,-0.0041170825335893075,-17.872447408115082
zero_cost,time_300s,7.5,5.3,40,2012-2016,79.55000000000328,-4.475175317575875,20.784274595885673,0,1,1.2899955053296395,0.1652744630071599,0.0,0.0011933174224343676,4.753970353964947,-0.012201670644389451,-4.092426075081499
zero_cost,time_300s,7.5,5.3,40,2017-2020.05,79.69999999999875,-6.529125145304782,20.931849791378756,0,1,3.772354994822262,0.17020631067961164,0.0,0.0,4.563622790888798,-0.006158980582524651,-6.040803902510049
zero_cost,time_300s,15.0,8.0,10,2012-2016,19.68000000033293,-27.76939277948831,80.70089329504987,1,1,48.718881563753094,0.07916646918495347,0.0,0.04513642036747397,5.295472830586752,-0.0012689384962899831,-16.073528721234045
zero_cost,time_300s,15.0,8.0,10,2017-2020.05,19.830000000559426,-38.2126285804277,83.62369337937807,1,1,414.4886495812765,0.025586153765439087,0.0,0.013624226492410582,4.968290125371266,-0.00022137297079224456,-23.856711766542933
zero_cost,time_300s,15.0,8.0,20,2012-2016,39.840000000027985,-16.820472306626133,68.14315519176075,0,1,10.859514668672961,0.10766177617123822,0.0,0.006591537316606421,5.120263749811919,-0.004263944999643633,-12.039137050211636
zero_cost,time_300s,15.0,8.0,20,2017-2020.05,39.140000000141356,-24.356169863342934,70.0592353256974,0,1,312.3924253828162,0.025635201231017236,0.0,0.0011504149187565261,4.986826686327674,-0.0002229753246985973,-18.110508645610103
zero_cost,time_300s,15.0,8.0,40,2012-2016,79.97000000000205,-4.374459478402848,21.128856264257486,0,1,3.911549616995959,0.09031877213695395,0.0,0.0003935458480913026,4.895878257838796,-0.003941361668633994,-4.008376248600841
zero_cost,time_300s,15.0,8.0,40,2017-2020.05,79.82000000001455,-6.487268115015265,24.470098410290188,0,1,12.92054476230234,0.04685977500221455,0.0,0.0,4.8993251083182425,-0.0017875808308960453,-6.00509471687475
